EmployeeNumber,Age,churn_flag,Department,JobRole,MonthlyIncome,overtime_flag,years_at_company,EnvironmentSatisfaction,PerformanceRating
1,41,1,Sales,"Sales Executive",5993,1,8,2,3
2,49,0,"Research & Development","Research Scientist",5130,0,10,3,4
4,37,1,"Research & Development","Laboratory Technician",2090,1,7,4,3
5,33,0,"Research & Development","Research Scientist",2909,1,8,4,3
7,27,0,"Research & Development","Laboratory Technician",3468,0,6,1,3
8,32,0,"Research & Development","Laboratory Technician",3068,0,8,4,3
10,59,0,"Research & Development","Laboratory Technician",2670,1,12,3,4
11,30,0,"Research & Development","Laboratory Technician",2693,0,1,4,4
12,38,0,"Research & Development","Manufacturing Director",9526,0,10,4,4
13,36,0,"Research & Development","Healthcare Representative",5237,0,17,3,3
14,35,0,"Research & Development","Laboratory Technician",2426,0,6,1,3
15,29,0,"Research & Development","Laboratory Technician",4193,1,10,4,3
16,31,0,"Research & Development","Research Scientist",2911,0,5,1,3
18,34,0,"Research & Development","Laboratory Technician",2661,0,3,2,3
19,28,1,"Research & Development","Laboratory Technician",2028,1,6,3,3
20,29,0,"Research & Development","Manufacturing Director",9980,0,10,2,3
21,32,0,"Research & Development","Research Scientist",3298,1,7,1,3
22,22,0,"Research & Development","Laboratory Technician",2935,1,1,4,3
23,53,0,Sales,Manager,15427,0,31,1,3
24,38,0,"Research & Development","Research Scientist",3944,1,6,4,3
26,24,0,"Research & Development","Manufacturing Director",4011,0,5,1,3
27,36,1,Sales,"Sales Representative",3407,0,10,3,4
28,34,0,"Research & Development","Research Director",11994,0,13,1,3
30,21,0,"Research & Development","Research Scientist",1232,0,0,3,3
31,34,1,"Research & Development","Research Scientist",2960,0,8,2,3
32,53,0,"Research & Development",Manager,19094,0,26,3,3
33,32,1,"Research & Development","Research Scientist",3919,1,10,2,4
35,42,0,Sales,"Sales Executive",6825,0,10,3,3
36,44,0,"Research & Development","Healthcare Representative",10248,0,24,1,3
38,46,0,Sales,Manager,18947,0,22,2,3
39,33,0,"Research & Development","Laboratory Technician",2496,0,7,3,3
40,44,0,"Research & Development","Healthcare Representative",6465,1,9,4,3
41,30,0,"Research & Development","Laboratory Technician",2206,0,10,4,3
42,39,1,Sales,"Sales Representative",2086,0,19,4,3
45,24,1,"Research & Development","Research Scientist",2293,1,6,2,3
46,43,0,"Research & Development","Research Scientist",2645,0,6,4,3
47,50,1,Sales,"Sales Representative",2683,1,3,1,3
49,35,0,Sales,"Sales Representative",2014,0,2,4,3
51,36,0,"Research & Development","Research Scientist",3419,1,6,2,3
52,33,0,Sales,"Sales Executive",5376,0,10,3,3
53,35,0,"Research & Development","Laboratory Technician",1951,0,1,3,3
54,27,0,"Research & Development","Laboratory Technician",2341,0,1,4,3
55,26,1,"Research & Development","Laboratory Technician",2293,0,1,1,3
56,27,0,Sales,"Sales Executive",8726,0,9,4,3
57,30,0,"Research & Development","Laboratory Technician",4011,0,12,3,4
58,41,1,"Research & Development","Research Director",19545,0,23,2,3
60,34,0,Sales,"Sales Executive",4568,0,10,2,4
61,37,0,"Research & Development","Research Scientist",3022,0,8,2,4
62,46,0,Sales,"Sales Executive",5772,1,14,1,4
63,35,0,"Research & Development","Laboratory Technician",2269,0,1,4,3
64,48,1,"Research & Development","Laboratory Technician",5381,1,23,1,3
65,28,1,"Research & Development","Laboratory Technician",3441,1,2,3,3
68,44,0,Sales,"Sales Executive",5454,1,9,2,4
70,35,0,"Research & Development","Healthcare Representative",9884,1,10,3,3
72,26,0,Sales,"Sales Executive",4157,1,5,3,3
73,33,0,"Research & Development","Research Director",13458,1,15,1,3
74,35,0,Sales,"Sales Executive",9069,0,9,2,4
75,35,0,"Research & Development","Laboratory Technician",4014,1,4,3,3
76,31,0,"Research & Development","Laboratory Technician",5915,0,10,4,4
77,37,0,"Research & Development","Manufacturing Director",5993,0,7,1,3
78,32,0,"Research & Development","Manufacturing Director",6162,1,9,1,4
79,38,0,"Research & Development","Laboratory Technician",2406,0,10,4,3
80,50,0,"Research & Development","Research Director",18740,1,29,2,3
81,59,0,Sales,"Sales Executive",7637,0,28,1,3
83,36,0,"Research & Development","Healthcare Representative",10096,0,17,3,3
84,55,0,"Research & Development",Manager,14756,1,21,4,3
85,36,0,"Research & Development","Manufacturing Director",6499,0,6,2,3
86,45,0,"Research & Development","Research Scientist",9724,0,25,2,3
88,35,0,"Research & Development","Research Scientist",2194,0,5,2,3
90,36,1,"Research & Development","Research Scientist",3388,1,2,4,3
91,59,0,Sales,"Sales Executive",5473,0,20,1,3
94,29,0,"Research & Development","Research Scientist",2703,0,6,3,4
95,31,0,"Research & Development","Research Scientist",2501,0,1,3,3
96,32,0,"Research & Development","Research Scientist",6220,0,10,2,3
97,36,0,"Research & Development","Laboratory Technician",3038,0,5,2,3
98,31,0,"Research & Development","Manufacturing Director",4424,0,11,3,4
100,35,0,Sales,"Sales Executive",4312,0,16,3,3
101,45,0,"Research & Development","Research Director",13245,1,17,4,3
102,37,0,"Research & Development","Research Director",13664,0,16,1,3
103,46,0,"Human Resources","Human Resources",5021,1,16,2,4
104,30,0,"Research & Development","Laboratory Technician",5126,1,10,4,3
105,35,0,"Research & Development","Research Scientist",2859,0,6,2,3
106,55,0,Sales,"Sales Executive",10239,0,24,1,3
107,38,0,"Research & Development","Research Scientist",5329,1,17,2,3
110,34,0,"Research & Development","Manufacturing Director",4325,0,5,1,3
112,56,0,"Research & Development","Manufacturing Director",7260,0,37,4,3
113,23,0,Sales,"Sales Representative",2322,0,3,3,3
116,51,0,"Research & Development","Laboratory Technician",2075,0,10,4,4
117,30,0,"Research & Development","Healthcare Representative",4152,0,11,3,3
118,46,1,Sales,"Sales Executive",9619,0,9,3,3
119,40,0,"Research & Development","Healthcare Representative",13503,0,22,3,4
120,51,0,Sales,"Sales Executive",5441,1,11,3,4
121,30,0,Sales,"Sales Executive",5209,1,11,3,3
124,46,0,"Research & Development","Healthcare Representative",10673,1,21,3,3
125,32,0,Sales,"Sales Executive",5010,0,12,2,3
126,54,0,"Research & Development","Research Director",13549,0,16,1,3
128,24,0,Sales,"Sales Executive",4999,0,4,1,4
129,28,0,Sales,"Sales Executive",4221,0,5,2,3
131,58,0,Sales,"Sales Executive",13872,0,38,4,3
132,44,0,"Research & Development","Laboratory Technician",2042,0,17,2,3
133,37,1,"Human Resources","Human Resources",2073,1,7,3,4
134,32,0,"Research & Development","Research Scientist",2956,0,1,4,3
137,20,1,"Research & Development","Laboratory Technician",2926,1,1,4,3
138,34,0,"Research & Development","Research Scientist",4809,0,16,1,3
139,37,0,"Research & Development","Healthcare Representative",5163,0,17,3,3
140,59,0,"Human Resources",Manager,18844,0,30,3,4
141,50,0,"Research & Development","Research Director",18172,1,28,1,3
142,25,1,Sales,"Sales Executive",5744,1,6,3,3
143,25,0,"Research & Development","Research Scientist",2889,0,2,4,3
144,22,0,"Research & Development","Laboratory Technician",2871,0,1,2,3
145,51,0,"Research & Development","Healthcare Representative",7484,0,23,1,4
147,34,1,"Research & Development","Laboratory Technician",6074,1,9,1,4
148,54,0,"Human Resources",Manager,17328,1,23,4,3
150,24,0,"Research & Development","Laboratory Technician",2774,0,6,2,3
151,34,0,"Research & Development","Research Scientist",4505,0,12,3,3
152,37,0,Sales,"Sales Executive",7428,0,12,3,3
153,34,0,"Research & Development",Manager,11631,0,14,3,3
154,36,0,Sales,"Sales Executive",9738,0,10,2,3
155,36,0,"Research & Development","Laboratory Technician",2835,0,7,1,4
158,43,0,Sales,Manager,16959,1,25,3,3
159,30,0,"Research & Development","Research Scientist",2613,0,10,1,4
160,33,0,Sales,"Sales Executive",6146,0,8,3,3
161,56,1,"Research & Development","Research Scientist",4963,1,7,2,3
162,51,0,"Research & Development","Research Director",19537,0,23,1,3
163,31,1,Sales,"Sales Executive",6172,1,12,2,3
164,26,0,"Research & Development","Research Scientist",2368,0,5,3,3
165,58,1,"Research & Development","Healthcare Representative",10312,0,40,4,3
167,19,1,Sales,"Sales Representative",1675,1,0,4,3
169,22,0,"Research & Development","Laboratory Technician",2523,0,3,3,3
170,49,0,"Research & Development","Manufacturing Director",6567,0,16,3,3
171,43,0,"Research & Development","Research Scientist",4739,0,18,2,3
174,50,0,Sales,"Sales Executive",9208,0,16,3,3
175,31,1,Sales,"Sales Executive",4559,1,4,2,3
176,41,0,Sales,"Sales Executive",8189,1,12,3,3
177,26,0,"Human Resources","Human Resources",2942,0,8,3,4
178,36,0,"Research & Development","Manufacturing Director",4941,0,7,2,4
179,51,1,"Research & Development","Manufacturing Director",10650,0,18,1,3
182,39,0,Sales,"Sales Executive",5902,0,17,4,3
183,25,0,Sales,"Sales Executive",8639,0,6,1,3
184,30,0,"Human Resources","Human Resources",6347,1,12,3,3
190,32,1,"Research & Development","Laboratory Technician",4200,0,10,1,4
192,45,0,"Research & Development","Research Scientist",3452,0,9,3,3
193,38,0,"Research & Development","Research Scientist",4317,1,19,4,4
194,30,0,"Research & Development","Research Scientist",2632,0,5,1,3
195,32,0,Sales,"Sales Executive",4668,0,9,4,3
197,30,0,"Research & Development","Research Scientist",3204,0,8,4,3
198,30,0,"Research & Development","Laboratory Technician",2720,0,6,2,3
199,41,0,"Research & Development",Manager,17181,0,21,4,3
200,41,0,"Research & Development","Laboratory Technician",2238,0,7,3,4
201,19,0,"Research & Development","Laboratory Technician",1483,0,1,2,3
202,40,0,"Research & Development","Research Scientist",5605,0,20,2,3
204,35,0,Sales,"Sales Executive",7295,0,10,3,3
205,53,0,Sales,"Sales Representative",2306,1,13,2,4
206,45,0,"Research & Development","Laboratory Technician",2348,0,20,2,3
207,32,0,Sales,"Sales Executive",8998,0,9,2,3
208,29,0,"Research & Development","Manufacturing Director",4319,0,10,4,3
211,51,0,"Research & Development","Manufacturing Director",6132,0,10,2,3
214,58,0,"Research & Development","Research Scientist",3346,1,9,2,4
215,40,0,Sales,"Sales Executive",10855,0,15,3,3
216,34,0,Sales,"Sales Representative",2231,0,6,3,3
217,22,0,"Research & Development","Research Scientist",2323,0,2,3,4
218,27,0,"Research & Development","Research Scientist",2024,0,6,4,3
221,28,0,"Research & Development","Research Scientist",2713,0,5,3,3
223,57,0,"Research & Development","Healthcare Representative",9439,1,12,3,3
224,27,0,"Research & Development","Research Scientist",2566,1,1,3,3
226,50,0,"Research & Development",Manager,19926,0,21,3,3
227,41,0,"Research & Development","Research Scientist",2451,0,13,1,3
228,30,0,Sales,"Sales Executive",9419,0,12,2,3
230,38,0,Sales,"Sales Executive",8686,0,12,1,4
231,32,0,"Research & Development","Research Scientist",3038,0,8,3,4
233,27,0,"Research & Development","Research Scientist",3058,1,6,3,3
235,19,1,Sales,"Sales Representative",2325,0,1,3,4
238,36,0,"Research & Development","Laboratory Technician",2088,0,13,4,3
239,30,0,"Research & Development","Laboratory Technician",3072,0,12,3,3
240,45,0,Sales,"Sales Executive",5006,1,9,3,3
241,56,0,"Research & Development","Research Scientist",4257,1,19,3,3
242,33,0,"Research & Development","Research Scientist",2500,0,4,3,3
243,19,1,"Research & Development","Laboratory Technician",1102,0,1,2,4
244,46,0,Sales,"Sales Executive",10453,0,24,2,4
245,38,0,"Research & Development","Laboratory Technician",2288,0,2,3,3
246,31,0,"Research & Development","Research Scientist",3929,1,7,3,4
247,34,0,"Research & Development","Research Scientist",2311,0,9,4,3
248,41,1,Sales,"Sales Representative",3140,1,4,2,4
249,50,0,"Research & Development","Laboratory Technician",3690,0,5,3,3
250,53,0,"Research & Development","Manufacturing Director",4450,0,5,4,3
252,33,0,"Research & Development","Research Scientist",2756,0,8,4,3
253,40,0,"Research & Development",Manager,19033,0,21,4,3
254,55,0,"Research & Development","Research Director",18722,0,36,3,3
256,34,0,"Research & Development","Manufacturing Director",9547,0,10,4,3
258,51,0,"Research & Development","Healthcare Representative",13734,0,21,4,3
259,52,0,"Research & Development",Manager,19999,0,34,3,3
260,27,0,"Research & Development","Research Scientist",2279,0,7,4,3
261,35,1,"Research & Development","Manufacturing Director",5916,1,8,2,3
262,43,0,"Research & Development","Research Scientist",2089,0,7,4,3
264,45,0,"Research & Development",Manager,16792,0,22,1,4
267,37,0,"Research & Development","Research Scientist",3564,1,8,2,3
269,35,0,"Research & Development","Laboratory Technician",4425,0,10,2,3
270,42,0,"Research & Development","Manufacturing Director",5265,0,11,3,3
271,38,0,"Research & Development","Manufacturing Director",6553,0,14,4,3
273,38,0,"Research & Development","Manufacturing Director",6261,0,9,4,3
274,27,0,"Research & Development","Manufacturing Director",4298,0,6,3,3
275,49,0,"Research & Development","Manufacturing Director",6804,1,7,4,3
277,34,0,"Research & Development","Research Scientist",3815,1,5,4,3
281,40,0,"Research & Development","Laboratory Technician",2741,1,15,3,3
282,38,1,"Research & Development","Healthcare Representative",6673,1,17,2,3
283,29,1,Sales,"Sales Executive",7639,0,10,2,4
284,22,0,"Research & Development","Research Scientist",2328,1,4,4,3
286,36,0,"Research & Development","Laboratory Technician",2153,0,8,2,3
287,40,0,"Research & Development","Healthcare Representative",4876,0,5,4,3
288,46,0,"Research & Development","Healthcare Representative",9396,0,17,4,3
291,32,1,Sales,"Sales Executive",10400,0,14,4,3
292,30,0,"Research & Development","Manufacturing Director",8474,0,12,3,4
293,27,0,Sales,"Sales Executive",9981,0,7,4,3
296,51,0,"Research & Development","Research Director",12490,0,16,2,3
297,30,1,"Research & Development","Research Scientist",2657,1,8,4,3
298,41,0,Sales,Manager,13591,1,16,4,3
299,30,1,Sales,"Sales Executive",6696,0,9,3,3
300,29,1,"Research & Development","Research Scientist",2058,0,7,3,3
302,45,0,Sales,"Sales Executive",8865,0,23,4,3
303,54,0,Sales,"Sales Executive",5940,0,16,4,3
304,36,0,"Research & Development","Laboratory Technician",5914,0,16,4,3
305,33,0,"Research & Development","Research Scientist",2622,0,7,3,4
306,37,0,"Research & Development","Research Director",12185,1,10,2,3
307,38,0,Sales,"Sales Executive",10609,0,17,1,3
308,31,0,"Research & Development","Manufacturing Director",4345,0,6,3,3
309,59,0,"Research & Development","Research Scientist",2177,0,7,3,3
311,37,0,Sales,"Sales Representative",2793,0,13,1,3
312,29,0,Sales,"Sales Executive",7918,0,11,2,3
314,35,0,Sales,"Sales Executive",8789,0,10,3,3
315,29,1,"Research & Development","Research Scientist",2389,1,4,3,3
316,52,0,"Research & Development","Laboratory Technician",3212,0,6,3,3
319,42,0,"Research & Development",Manager,19232,0,22,3,3
321,59,0,"Human Resources","Human Resources",2267,0,7,2,3
323,50,0,Sales,Manager,19517,0,32,4,3
325,33,1,"Research & Development","Laboratory Technician",2436,1,8,3,3
327,43,0,Sales,Manager,16064,1,22,4,4
328,33,1,"Research & Development","Laboratory Technician",2707,0,13,1,4
329,52,0,Sales,Manager,19068,1,33,1,3
330,32,0,Sales,"Sales Representative",3931,0,6,3,3
331,32,1,"Research & Development","Laboratory Technician",3730,1,4,4,3
332,39,0,"Research & Development","Laboratory Technician",2232,0,7,3,3
333,32,0,Sales,"Sales Executive",4465,0,4,3,3
334,41,0,"Research & Development","Research Scientist",3072,0,17,3,3
335,40,0,"Research & Development","Research Scientist",3319,0,9,1,3
336,45,0,"Research & Development",Manager,19202,0,25,3,3
337,31,0,"Research & Development","Research Director",13675,0,9,2,3
338,33,0,"Research & Development","Research Scientist",2911,0,2,3,3
339,34,0,"Research & Development","Manufacturing Director",5957,0,13,4,3
340,37,0,"Research & Development","Research Scientist",3920,0,17,3,3
341,45,0,"Research & Development","Manufacturing Director",6434,0,9,1,3
342,37,1,"Research & Development","Manufacturing Director",10048,0,17,1,3
343,39,0,"Research & Development","Healthcare Representative",10938,0,20,3,4
346,29,0,"Research & Development","Research Scientist",2340,0,6,3,3
347,42,0,"Research & Development","Research Scientist",6545,1,10,4,3
349,29,0,Sales,"Sales Executive",6931,0,10,4,3
350,25,0,"Research & Development","Manufacturing Director",4898,0,5,1,3
351,42,0,"Research & Development","Laboratory Technician",2593,1,10,4,3
352,40,0,"Research & Development","Research Director",19436,0,22,1,3
353,51,0,"Research & Development","Research Scientist",2723,0,1,3,3
355,31,1,"Research & Development","Laboratory Technician",3479,0,6,3,3
359,32,0,"Research & Development","Laboratory Technician",2794,0,5,2,4
361,38,0,Sales,"Sales Executive",5249,0,13,4,3
362,32,0,"Research & Development","Laboratory Technician",2176,0,9,4,3
363,46,0,Sales,Manager,16872,1,28,3,3
364,28,1,"Research & Development","Laboratory Technician",3485,0,5,1,3
366,29,0,Sales,"Sales Executive",6644,0,10,1,3
367,31,0,"Research & Development","Healthcare Representative",5582,0,10,2,4
369,25,0,"Research & Development","Healthcare Representative",4000,0,6,2,3
372,45,0,"Research & Development","Healthcare Representative",13496,1,21,3,3
373,36,0,"Research & Development","Laboratory Technician",3210,0,16,4,3
374,55,0,"Research & Development",Manager,19045,1,37,4,3
376,47,1,"Research & Development",Manager,11849,1,10,1,3
377,28,0,"Research & Development","Research Scientist",2070,0,5,4,4
378,37,0,Sales,"Sales Executive",6502,0,7,3,3
379,21,0,"Research & Development","Research Scientist",3230,0,3,4,3
380,37,0,"Research & Development","Research Director",13603,1,15,1,3
381,35,0,"Research & Development",Manager,11996,0,10,2,3
382,38,0,Sales,"Sales Executive",5605,1,8,1,4
384,26,0,"Research & Development","Manufacturing Director",6397,0,6,3,4
385,50,0,"Research & Development","Research Director",19144,0,28,1,3
386,53,0,"Research & Development","Research Director",17584,1,21,3,3
387,42,0,Sales,"Sales Executive",4907,0,20,2,4
388,29,0,Sales,"Sales Executive",4554,0,10,2,3
389,55,0,"Research & Development","Laboratory Technician",5415,1,12,2,3
390,26,0,"Research & Development","Healthcare Representative",4741,1,5,1,3
391,37,0,"Research & Development","Research Scientist",2115,0,17,4,3
392,44,1,"Research & Development","Laboratory Technician",3161,1,19,4,4
393,38,0,"Research & Development","Healthcare Representative",5745,0,10,4,3
394,26,1,"Research & Development","Laboratory Technician",2373,1,5,1,3
395,28,0,"Research & Development","Research Scientist",3310,0,5,4,4
396,49,0,"Research & Development","Research Director",18665,1,22,3,3
397,36,0,"Research & Development","Research Scientist",4485,0,10,3,3
399,31,0,Sales,"Sales Representative",2789,0,2,4,3
401,26,1,Sales,"Sales Executive",5828,1,8,4,3
403,37,0,"Research & Development","Research Scientist",2326,1,4,2,3
404,42,0,Sales,"Sales Executive",13525,0,23,3,3
405,18,1,"Research & Development","Laboratory Technician",1420,0,0,3,3
406,35,0,Sales,"Sales Executive",8020,0,12,3,3
407,36,0,"Research & Development","Laboratory Technician",3688,0,4,3,3
408,51,0,"Research & Development","Manufacturing Director",5482,0,13,4,3
410,41,0,Sales,Manager,16015,0,22,4,3
411,18,0,Sales,"Sales Representative",1200,0,0,4,3
412,28,0,"Research & Development","Healthcare Representative",5661,0,9,2,3
416,31,0,Sales,"Sales Executive",6929,0,10,2,3
417,39,0,"Research & Development","Healthcare Representative",9613,0,19,3,3
419,36,0,"Research & Development","Laboratory Technician",5674,0,11,2,3
420,32,0,Sales,"Sales Executive",5484,0,13,4,3
421,38,0,"Research & Development","Research Director",12061,0,19,1,3
422,58,0,"Research & Development","Healthcare Representative",5660,1,12,4,3
423,31,0,"Research & Development","Research Scientist",4821,1,6,3,3
424,31,0,"Human Resources","Human Resources",6410,0,9,1,3
425,45,0,"Research & Development","Laboratory Technician",5210,0,24,1,3
426,31,0,"Research & Development","Research Scientist",2695,1,3,3,3
428,33,0,"Research & Development",Manager,11878,0,12,4,3
429,39,0,"Research & Development",Manager,17068,1,21,3,3
430,43,0,"Research & Development","Laboratory Technician",2455,0,9,3,3
431,49,0,"Research & Development","Healthcare Representative",13964,1,25,3,3
433,52,1,"Research & Development","Research Scientist",4941,0,11,3,3
434,27,0,"Research & Development","Research Scientist",2478,1,4,3,3
436,32,0,Sales,"Sales Executive",5228,1,13,3,3
437,27,0,Sales,"Sales Executive",4478,1,5,4,3
438,31,0,Sales,"Sales Executive",7547,0,13,4,3
439,32,0,"Research & Development","Research Scientist",5055,0,10,1,3
440,28,1,"Research & Development","Research Scientist",3464,1,5,1,3
441,30,0,"Research & Development","Research Scientist",5775,0,11,4,3
442,31,0,"Research & Development","Manufacturing Director",8943,0,10,3,4
444,39,0,"Research & Development",Manager,19272,0,21,3,3
445,39,1,Sales,"Sales Executive",5238,1,12,4,3
446,33,0,Sales,"Sales Executive",4682,0,9,2,3
447,47,0,"Research & Development","Research Director",18300,0,21,4,3
448,43,0,"Research & Development","Laboratory Technician",5257,0,9,3,3
449,27,0,Sales,"Sales Executive",6349,1,6,3,3
450,54,0,"Research & Development","Research Scientist",4869,0,20,4,3
451,43,0,"Research & Development","Healthcare Representative",9985,0,10,3,3
452,45,0,"Research & Development","Research Scientist",3697,0,12,4,3
453,40,0,Sales,"Sales Executive",7457,1,6,2,4
454,29,1,"Research & Development","Laboratory Technician",2119,1,7,2,3
455,29,0,"Research & Development","Laboratory Technician",3983,0,4,2,3
456,30,0,Sales,"Sales Executive",6118,0,10,4,3
458,27,0,Sales,"Sales Executive",6214,0,8,2,3
460,37,0,"Research & Development","Manufacturing Director",6347,0,8,4,3
461,38,0,"Research & Development","Research Director",11510,1,12,3,3
462,31,0,"Research & Development","Manufacturing Director",7143,1,11,3,3
463,29,0,Sales,"Sales Executive",8268,1,7,4,3
464,35,0,"Research & Development","Manufacturing Director",8095,0,17,3,3
465,23,0,"Research & Development","Research Scientist",2904,0,4,3,3
466,41,0,"Research & Development","Manufacturing Director",6032,1,8,4,3
467,47,0,Sales,"Sales Representative",2976,0,5,2,3
468,42,0,"Research & Development","Research Director",15992,0,16,1,3
469,29,0,Sales,"Sales Executive",4649,0,4,4,3
470,42,0,"Human Resources","Human Resources",2696,1,4,3,3
471,32,0,"Research & Development","Laboratory Technician",2370,0,8,3,3
473,48,0,Sales,Manager,12504,0,15,1,4
474,37,0,"Research & Development","Research Scientist",5974,1,13,3,3
475,30,0,Sales,"Sales Executive",4736,1,4,4,3
476,26,0,Sales,"Sales Executive",5296,0,8,3,3
477,42,0,"Research & Development","Healthcare Representative",6781,0,14,1,4
478,21,1,Sales,"Sales Representative",2174,1,3,1,3
479,36,0,Sales,"Sales Executive",6653,0,7,4,3
481,36,0,Sales,"Sales Executive",9699,0,16,1,3
482,57,0,"Research & Development","Healthcare Representative",6755,0,15,4,3
483,40,0,"Research & Development","Laboratory Technician",2213,1,10,4,3
484,21,0,Sales,"Sales Representative",2610,0,3,1,4
485,33,1,Sales,"Sales Representative",2851,1,1,4,3
486,37,0,"Research & Development","Laboratory Technician",3452,0,17,3,4
487,46,0,"Research & Development","Manufacturing Director",5258,0,7,3,3
488,41,1,Sales,"Sales Executive",9355,0,8,1,3
491,50,0,"Research & Development","Healthcare Representative",10496,0,20,4,3
492,40,1,Sales,"Sales Executive",6380,1,8,3,3
493,31,0,"Research & Development","Research Scientist",2657,1,3,3,3
494,21,1,Sales,"Sales Representative",2716,0,1,3,3
495,29,0,"Research & Development","Research Scientist",2201,0,6,4,3
496,35,0,"Research & Development","Healthcare Representative",6540,0,10,3,3
497,27,0,"Research & Development","Laboratory Technician",3816,0,5,4,3
498,28,0,Sales,"Sales Executive",5253,0,7,2,3
499,49,0,"Research & Development","Healthcare Representative",10965,0,26,2,4
500,51,0,Sales,"Sales Executive",4936,0,18,3,3
501,36,0,"Research & Development","Research Scientist",2543,0,6,4,3
502,34,1,Sales,"Sales Executive",5304,1,9,1,3
505,55,0,"Research & Development",Manager,16659,1,30,3,3
507,24,0,Sales,"Sales Executive",4260,1,5,4,3
508,30,0,Sales,"Sales Representative",2476,0,1,3,3
510,26,1,"Research & Development","Research Scientist",3102,0,7,3,4
511,22,0,"Research & Development","Research Scientist",2244,0,2,1,3
513,36,0,Sales,"Sales Executive",7596,0,10,2,3
514,30,1,"Research & Development","Research Scientist",2285,1,3,3,4
515,37,0,"Research & Development","Laboratory Technician",3034,0,18,4,3
516,40,0,Sales,"Sales Executive",5715,0,8,4,3
517,42,0,"Research & Development","Laboratory Technician",2576,0,8,2,3
518,37,0,"Research & Development","Manufacturing Director",4197,1,18,3,3
520,43,0,"Research & Development","Research Director",14336,0,25,1,3
521,40,0,"Research & Development","Laboratory Technician",3448,0,20,2,4
522,54,0,"Research & Development","Research Director",19406,0,24,1,3
523,34,0,Sales,"Sales Executive",6538,0,6,3,3
524,31,0,"Research & Development","Manufacturing Director",4306,0,13,2,3
525,43,0,"Research & Development","Laboratory Technician",2258,0,8,4,4
526,43,0,"Research & Development","Healthcare Representative",4522,1,8,3,3
527,25,0,Sales,"Sales Executive",4487,1,5,2,3
529,37,0,"Research & Development","Research Scientist",4449,1,15,2,3
530,31,0,"Research & Development","Laboratory Technician",2218,0,4,4,3
531,39,0,"Research & Development",Manager,19197,1,21,2,3
532,56,0,Sales,"Sales Executive",13212,0,36,3,3
533,30,0,Sales,"Sales Executive",6577,0,6,2,3
534,41,0,Sales,"Sales Executive",8392,0,10,2,3
536,28,0,"Research & Development","Laboratory Technician",4558,0,10,3,3
538,25,1,"Research & Development","Laboratory Technician",4031,0,6,1,3
543,52,0,"Research & Development","Manufacturing Director",7969,1,28,4,3
544,45,0,"Research & Development","Research Scientist",2654,0,8,1,4
546,52,0,"Research & Development",Manager,16555,0,31,4,3
547,42,0,"Research & Development","Research Scientist",4556,0,19,1,3
548,30,0,"Research & Development","Manufacturing Director",6091,0,11,3,4
549,60,0,"Research & Development",Manager,19566,0,33,1,3
550,46,0,"Research & Development","Manufacturing Director",4810,0,19,3,3
551,42,0,"Research & Development","Healthcare Representative",4523,0,7,4,3
554,24,1,Sales,"Sales Representative",3202,1,6,1,3
555,34,1,Sales,"Sales Representative",2351,0,3,4,3
556,38,0,"Research & Development","Laboratory Technician",1702,1,1,4,4
558,40,0,Sales,Manager,18041,0,21,3,3
560,26,0,"Research & Development","Research Scientist",2886,0,3,1,4
562,30,0,"Research & Development","Laboratory Technician",2097,0,9,3,3
564,29,0,"Research & Development","Research Director",11935,0,10,2,3
565,29,1,"Research & Development","Research Scientist",2546,0,6,3,3
566,19,1,"Human Resources","Human Resources",2564,0,1,1,3
567,30,0,Sales,"Sales Executive",8412,0,10,3,3
568,57,0,Sales,Manager,14118,0,32,1,3
569,50,0,"Research & Development",Manager,17046,0,28,2,3
571,30,0,"Research & Development","Laboratory Technician",2564,0,12,3,3
573,60,0,Sales,"Sales Executive",10266,0,22,3,3
574,47,0,"Research & Development","Manufacturing Director",5070,0,20,1,3
575,46,0,"Research & Development","Research Director",17861,0,26,1,3
577,35,0,"Research & Development","Laboratory Technician",4230,0,6,4,3
578,54,0,"Research & Development","Laboratory Technician",3780,0,19,3,3
579,34,0,"Research & Development","Research Scientist",2768,0,14,4,3
580,46,0,Sales,"Sales Executive",9071,1,15,3,3
581,31,0,"Research & Development","Manufacturing Director",10648,0,13,3,4
582,33,1,"Research & Development",Manager,13610,1,15,2,3
584,33,1,"Research & Development","Laboratory Technician",3408,0,8,1,3
585,30,0,Sales,"Sales Representative",2983,0,4,4,3
586,35,0,"Research & Development","Healthcare Representative",7632,1,10,4,3
587,31,1,"Research & Development","Healthcare Representative",9824,0,12,1,3
590,34,1,"Human Resources","Human Resources",9950,1,11,2,3
591,42,0,"Research & Development","Laboratory Technician",2093,0,8,2,3
592,36,0,Sales,"Sales Executive",9980,0,10,2,3
593,22,1,"Research & Development","Laboratory Technician",3894,0,4,3,3
595,48,0,Sales,"Sales Executive",4051,0,14,2,3
597,55,0,Sales,Manager,16835,0,37,1,4
599,41,0,Sales,"Sales Executive",6230,0,16,4,3
600,35,0,Sales,"Sales Executive",4717,0,15,2,3
601,40,0,"Research & Development","Manufacturing Director",13237,0,22,2,3
602,39,0,"Research & Development","Laboratory Technician",3755,0,8,3,3
604,31,0,Sales,"Sales Executive",6582,1,10,2,3
605,42,0,"Research & Development","Manufacturing Director",7406,1,10,4,4
606,45,0,Sales,"Sales Executive",4805,0,9,4,3
608,26,1,"Human Resources","Human Resources",2741,1,8,2,3
611,29,0,"Research & Development","Manufacturing Director",4262,0,8,4,3
612,33,0,"Research & Development","Research Director",16184,0,10,1,3
613,31,0,Sales,Manager,11557,0,10,3,4
614,18,1,Sales,"Sales Representative",1878,1,0,2,3
615,40,0,Sales,"Sales Executive",10932,0,20,3,3
616,41,0,"Research & Development","Healthcare Representative",6811,1,10,1,3
618,26,0,Sales,"Sales Executive",4306,0,8,1,3
620,35,0,Sales,"Sales Executive",4859,0,5,1,3
621,34,0,Sales,"Sales Executive",5337,0,10,4,3
622,26,1,"Research & Development","Laboratory Technician",2340,1,1,3,3
623,37,0,"Research & Development","Manufacturing Director",7491,0,12,2,3
624,46,0,"Research & Development","Healthcare Representative",10527,0,28,1,3
625,41,0,Sales,Manager,16595,0,22,2,3
626,37,0,Sales,"Sales Executive",8834,0,9,1,3
630,52,0,"Research & Development","Research Scientist",5577,1,18,4,3
631,32,1,Sales,"Sales Executive",4707,0,6,4,3
632,24,0,Sales,"Sales Representative",2400,0,3,4,3
634,38,0,"Research & Development","Healthcare Representative",9824,0,18,3,3
635,37,0,"Research & Development","Manufacturing Director",6447,0,8,2,3
638,49,0,"Research & Development","Research Director",19502,1,31,4,3
639,24,0,"Research & Development","Research Scientist",2725,1,6,2,3
641,26,0,Sales,"Sales Executive",6272,0,6,1,4
643,24,0,"Research & Development","Laboratory Technician",2127,0,1,4,4
644,50,0,"Human Resources",Manager,18200,0,32,1,3
645,25,0,Sales,"Sales Representative",2096,0,7,2,3
647,24,1,"Research & Development","Laboratory Technician",2886,1,6,1,3
648,30,1,Sales,"Sales Representative",2033,0,1,2,3
649,34,0,"Research & Development","Research Scientist",3622,1,6,2,3
650,31,1,Sales,"Sales Executive",4233,0,9,2,3
652,35,0,"Research & Development","Laboratory Technician",3681,0,9,1,3
653,31,0,Sales,"Sales Executive",5460,0,13,1,4
655,27,0,"Research & Development","Research Scientist",2187,0,6,1,3
656,37,0,Sales,"Sales Executive",9602,1,17,4,3
657,20,0,"Research & Development","Research Scientist",2836,0,1,4,3
659,42,0,"Research & Development","Healthcare Representative",4089,0,10,3,3
661,43,0,"Research & Development","Research Director",16627,1,21,2,3
662,38,0,"Research & Development","Research Scientist",2619,0,8,3,3
663,43,0,"Research & Development","Laboratory Technician",5679,1,10,4,3
664,48,0,"Research & Development",Manager,15402,0,21,4,3
665,44,0,"Human Resources","Human Resources",5985,0,10,1,3
666,34,0,Sales,"Sales Representative",2579,1,8,3,3
667,27,1,Sales,"Sales Representative",3041,0,5,3,3
669,21,0,Sales,"Sales Representative",3447,0,3,3,3
671,44,0,"Research & Development",Manager,19513,1,26,4,3
675,22,0,"Research & Development","Research Scientist",2773,0,3,1,4
677,33,0,Sales,"Sales Executive",7104,0,6,3,3
679,32,0,"Research & Development","Research Scientist",6322,1,6,1,3
680,30,0,"Research & Development","Research Scientist",2083,0,1,3,4
682,53,0,Sales,"Sales Executive",8381,0,18,4,4
683,34,0,"Research & Development","Research Scientist",2691,0,10,2,3
684,45,1,Sales,"Sales Executive",4286,0,5,1,3
686,26,0,"Research & Development","Laboratory Technician",2659,1,3,3,3
689,37,0,"Research & Development","Manufacturing Director",9434,0,10,3,3
690,29,0,Sales,"Sales Executive",5561,0,6,2,3
691,35,0,"Research & Development","Research Scientist",6646,0,17,2,3
692,33,0,"Research & Development","Healthcare Representative",7725,0,15,3,4
698,54,0,"Human Resources","Human Resources",10725,0,16,3,3
699,36,0,"Research & Development","Manufacturing Director",8847,1,13,2,3
700,27,0,"Research & Development","Research Scientist",2045,0,5,1,3
701,20,1,"Research & Development","Research Scientist",1009,1,1,4,3
702,33,1,"Research & Development","Research Scientist",3348,1,10,1,3
704,35,0,"Research & Development","Laboratory Technician",1281,0,1,3,3
705,23,0,"Research & Development","Research Scientist",2819,0,5,1,3
707,25,0,Sales,"Sales Executive",4851,0,4,4,4
709,38,0,Sales,"Sales Executive",4028,0,8,4,4
710,29,0,"Research & Development","Research Scientist",2720,0,10,2,3
712,48,0,Sales,"Sales Executive",8120,0,12,2,3
714,27,0,Sales,"Sales Executive",4647,1,6,4,4
715,37,0,"Research & Development","Research Scientist",4680,0,4,4,3
716,50,0,"Research & Development","Laboratory Technician",3221,1,20,4,3
717,34,0,"Research & Development","Healthcare Representative",8621,0,9,4,3
720,24,1,Sales,"Sales Executive",4577,0,4,1,3
721,39,0,"Research & Development","Healthcare Representative",4553,0,20,4,3
722,32,0,Sales,"Sales Executive",5396,0,10,4,3
723,50,1,Sales,"Sales Executive",6796,1,18,2,3
724,38,0,"Research & Development","Healthcare Representative",7625,0,10,2,3
725,27,0,"Research & Development","Manufacturing Director",7412,0,9,3,3
727,32,0,"Research & Development","Research Director",11159,0,10,3,3
728,47,0,Sales,"Sales Executive",4960,0,20,4,3
729,40,0,Sales,"Sales Executive",10475,1,20,4,4
730,53,0,"Research & Development","Research Director",14814,0,32,3,3
731,41,0,"Human Resources",Manager,19141,0,23,2,3
732,60,0,Sales,"Sales Executive",5405,0,10,1,3
733,27,0,"Research & Development","Manufacturing Director",8793,0,9,4,4
734,41,0,"Human Resources",Manager,19189,0,22,4,3
738,50,0,Sales,"Sales Representative",3875,0,4,4,3
741,28,1,"Research & Development","Research Scientist",2216,1,10,1,3
742,36,0,"Research & Development","Research Director",11713,0,10,1,3
743,38,0,"Research & Development","Manufacturing Director",7861,1,10,3,3
744,44,0,"Research & Development","Laboratory Technician",3708,0,9,1,3
746,47,0,Sales,"Sales Executive",13770,1,28,4,3
747,30,0,Sales,"Sales Executive",5304,0,10,3,4
749,29,0,Sales,"Sales Representative",2642,0,1,3,3
752,42,1,"Research & Development","Research Scientist",2759,1,7,3,3
754,43,0,Sales,"Sales Executive",6804,0,7,4,3
757,34,0,"Research & Development","Healthcare Representative",6142,0,10,2,3
758,23,0,"Research & Development","Laboratory Technician",2500,0,5,2,3
760,39,0,"Human Resources","Human Resources",6389,0,12,3,3
762,56,0,"Research & Development","Healthcare Representative",11103,0,30,3,3
763,40,0,"Research & Development","Research Scientist",2342,1,5,4,4
764,27,0,"Research & Development","Healthcare Representative",6811,0,9,4,3
766,29,0,Sales,"Sales Representative",2297,0,2,4,3
769,53,0,"Research & Development","Laboratory Technician",2450,0,19,4,3
771,35,0,"Research & Development","Healthcare Representative",5093,0,16,4,3
772,32,0,"Research & Development","Laboratory Technician",5309,0,10,1,3
773,38,0,"Research & Development","Research Scientist",3057,1,6,4,3
775,34,0,"Research & Development","Manufacturing Director",5121,0,7,2,3
776,52,0,Sales,Manager,16856,0,34,3,3
780,33,1,"Research & Development","Research Scientist",2686,1,10,4,3
781,25,0,Sales,"Sales Executive",6180,0,6,3,4
783,45,0,Sales,"Sales Representative",6632,0,9,2,3
784,23,0,"Research & Development","Research Scientist",3505,0,2,1,3
785,47,1,Sales,"Sales Executive",6397,1,8,2,3
786,34,0,Sales,"Sales Executive",6274,0,6,4,4
787,55,1,"Research & Development",Manager,19859,1,24,4,3
789,36,0,Sales,"Sales Executive",7587,0,10,1,3
791,52,0,"Research & Development","Research Scientist",4258,0,5,4,3
792,26,0,"Research & Development","Laboratory Technician",4364,0,5,1,3
793,29,0,"Research & Development","Healthcare Representative",4335,0,11,2,3
796,26,1,Sales,"Sales Executive",5326,0,6,4,3
797,34,0,"Research & Development","Research Scientist",3280,0,10,2,3
799,54,0,"Research & Development","Manufacturing Director",5485,1,9,4,3
800,27,0,Sales,"Sales Executive",4342,0,5,3,3
802,37,0,"Research & Development","Research Scientist",2782,1,6,4,3
803,38,0,"Research & Development","Manufacturing Director",5980,1,17,1,3
804,34,0,"Research & Development","Research Scientist",4381,0,6,3,3
805,35,0,Sales,"Sales Representative",2572,0,3,1,3
806,30,0,"Research & Development","Laboratory Technician",3833,0,7,4,4
807,40,0,"Research & Development","Healthcare Representative",4244,0,8,3,4
808,34,0,Sales,"Sales Executive",6500,0,6,3,3
809,42,0,"Research & Development",Manager,18430,0,24,2,3
811,23,1,"Research & Development","Laboratory Technician",1601,1,1,3,4
812,24,0,"Research & Development","Laboratory Technician",2694,0,1,3,3
813,52,0,"Research & Development","Laboratory Technician",3149,0,9,4,4
815,50,0,"Research & Development","Research Director",17639,0,30,3,3
816,29,1,"Research & Development","Laboratory Technician",2319,1,1,2,3
817,33,0,"Research & Development","Research Director",11691,0,14,3,3
819,33,1,Sales,"Sales Executive",5324,0,6,1,3
820,47,0,"Research & Development",Manager,16752,1,26,3,3
823,36,0,"Research & Development","Manufacturing Director",5228,0,10,3,3
824,29,0,"Research & Development","Research Scientist",2700,0,10,3,4
825,58,1,"Research & Development","Research Director",19246,1,40,4,3
826,35,0,"Research & Development","Research Scientist",2506,0,7,4,3
827,42,0,"Research & Development","Manufacturing Director",6062,1,8,4,3
828,28,1,"Research & Development","Research Scientist",4382,0,5,3,3
829,36,0,"Human Resources","Human Resources",2143,0,8,3,3
830,32,0,"Research & Development","Manufacturing Director",6162,0,14,3,3
832,40,0,"Research & Development","Laboratory Technician",5094,0,10,1,3
833,30,0,"Research & Development","Manufacturing Director",6877,1,12,3,4
834,45,0,"Research & Development","Research Scientist",2274,0,1,2,3
836,42,0,"Research & Development","Manufacturing Director",4434,0,10,2,3
837,38,0,"Research & Development","Healthcare Representative",6288,0,13,1,3
838,34,0,"Research & Development","Research Scientist",2553,0,6,3,3
840,49,1,Sales,"Sales Executive",7654,0,9,3,3
842,55,1,Sales,"Sales Executive",5160,0,12,3,3
843,43,0,"Research & Development","Research Director",17159,0,22,2,4
844,27,0,"Research & Development","Research Director",12808,1,9,3,3
845,35,0,"Research & Development","Manufacturing Director",10221,0,17,3,4
846,28,0,Sales,"Sales Executive",4779,1,8,2,4
847,34,0,"Human Resources","Human Resources",3737,0,4,3,3
848,26,1,"Research & Development","Research Scientist",2366,1,8,3,3
850,27,0,"Research & Development","Research Scientist",1706,0,0,4,3
851,51,0,Sales,Manager,16307,0,29,1,3
852,44,0,"Research & Development","Healthcare Representative",5933,0,10,4,3
854,25,0,"Research & Development","Research Scientist",3424,0,6,1,3
855,33,0,Sales,"Sales Executive",4037,0,9,1,4
856,35,0,"Research & Development","Research Scientist",2559,0,6,3,3
857,36,0,Sales,"Sales Executive",6201,1,18,2,3
859,32,0,Sales,"Sales Executive",4403,0,8,2,3
861,30,0,"Research & Development","Research Scientist",3761,0,10,2,3
862,53,0,Sales,"Sales Executive",10934,1,35,1,3
864,45,0,Sales,"Sales Executive",10761,1,18,4,3
865,32,0,"Research & Development","Research Scientist",5175,0,9,3,3
867,52,0,"Research & Development","Manufacturing Director",13826,0,31,3,4
868,37,0,Sales,"Sales Executive",6334,0,9,4,3
869,28,0,"Human Resources","Human Resources",4936,0,6,2,3
872,22,0,"Research & Development","Manufacturing Director",4775,0,4,4,4
874,44,0,"Research & Development","Laboratory Technician",2818,1,10,1,4
875,42,0,"Research & Development","Research Scientist",2515,1,8,2,3
878,36,0,"Human Resources","Human Resources",2342,0,6,1,4
879,25,0,Sales,"Sales Executive",4194,1,5,3,3
880,35,0,"Research & Development","Manufacturing Director",10685,1,17,4,4
881,35,1,"Research & Development","Research Scientist",2022,1,10,4,3
882,32,0,"Research & Development","Laboratory Technician",2314,0,4,4,3
885,25,0,Sales,"Sales Executive",4256,0,5,3,3
887,49,0,"Research & Development","Research Scientist",3580,0,7,3,3
888,24,0,"Research & Development","Laboratory Technician",3162,0,6,1,3
889,32,0,Sales,"Sales Executive",6524,0,10,2,3
893,38,0,Sales,"Sales Representative",2899,0,3,2,3
894,42,0,"Research & Development","Laboratory Technician",5231,1,17,3,3
895,31,0,"Research & Development","Research Scientist",2356,1,8,4,3
896,29,1,Sales,"Sales Representative",2800,1,5,2,3
897,53,0,Sales,"Sales Executive",11836,0,28,1,3
899,35,0,"Research & Development","Manufacturing Director",10903,0,16,4,3
900,37,0,Sales,"Sales Representative",2973,0,10,3,3
901,53,0,"Research & Development","Research Director",14275,0,33,4,3
902,43,0,"Research & Development","Healthcare Representative",5562,0,12,4,3
903,47,0,Sales,"Sales Executive",4537,1,8,3,4
904,37,0,Sales,"Sales Executive",7642,1,10,1,3
905,50,0,"Research & Development",Manager,17924,0,31,1,3
909,39,0,"Human Resources","Human Resources",5204,0,13,4,3
910,33,0,"Human Resources","Human Resources",2277,1,7,4,3
911,32,1,"Research & Development","Laboratory Technician",2795,1,1,1,4
912,29,0,"Research & Development","Laboratory Technician",2532,0,8,1,3
913,44,0,"Research & Development","Research Scientist",2559,1,8,2,3
916,28,0,Sales,"Sales Executive",4908,0,4,1,3
918,58,1,"Research & Development","Laboratory Technician",2380,1,3,4,3
920,43,0,"Research & Development","Manufacturing Director",4765,0,4,1,4
922,20,1,Sales,"Sales Representative",2044,0,2,3,3
923,21,1,"Research & Development","Research Scientist",2693,0,1,4,3
924,36,0,"Research & Development","Healthcare Representative",6586,1,17,3,3
925,47,0,Sales,"Sales Representative",3294,1,3,4,3
926,22,1,"Research & Development","Manufacturing Director",4171,1,4,2,3
927,41,1,"Research & Development","Laboratory Technician",2778,1,10,2,3
930,28,0,"Research & Development","Research Scientist",2377,0,6,3,3
932,39,1,"Research & Development","Laboratory Technician",2404,1,8,4,4
933,27,0,"Research & Development","Research Scientist",2318,0,1,2,3
934,34,0,"Research & Development","Laboratory Technician",2008,0,1,2,3
936,42,0,Sales,"Sales Executive",6244,0,10,3,3
939,33,0,"Research & Development","Research Scientist",2799,1,6,3,3
940,58,0,"Research & Development","Healthcare Representative",10552,1,24,3,3
941,31,0,Sales,"Sales Representative",2329,0,13,2,3
942,35,0,"Research & Development","Healthcare Representative",4014,1,10,4,4
944,49,0,"Research & Development","Laboratory Technician",7403,0,29,1,3
945,48,0,"Research & Development","Research Scientist",2259,0,13,4,3
947,31,0,Sales,"Sales Executive",6932,0,9,4,3
949,36,0,"Research & Development","Research Scientist",4678,0,8,2,3
950,38,0,"Research & Development","Research Director",13582,0,15,4,3
951,32,0,"Research & Development","Laboratory Technician",2332,0,5,3,4
952,25,1,Sales,"Sales Representative",2413,1,1,3,3
954,40,0,Sales,"Sales Executive",9705,0,11,1,3
956,26,0,Sales,"Sales Executive",4294,0,7,3,3
957,41,0,"Research & Development","Laboratory Technician",4721,1,20,4,3
958,36,0,"Research & Development","Laboratory Technician",2519,0,16,3,4
959,19,1,Sales,"Sales Representative",2121,1,1,4,3
960,20,1,"Research & Development","Laboratory Technician",2973,0,1,1,3
961,31,0,"Research & Development","Healthcare Representative",5855,1,10,4,3
964,40,0,"Research & Development","Research Scientist",3617,1,3,4,3
966,32,0,"Research & Development","Manufacturing Director",6725,0,8,3,3
967,36,1,Sales,"Sales Executive",10325,1,16,3,3
969,33,0,"Research & Development","Healthcare Representative",6949,0,6,2,3
970,37,1,Sales,"Sales Executive",10609,0,17,1,3
972,45,0,"Research & Development","Laboratory Technician",4447,0,9,3,3
974,29,0,Sales,"Sales Representative",2157,0,3,3,3
975,35,0,Sales,"Sales Executive",4601,0,5,3,3
976,52,0,"Research & Development",Manager,17099,0,26,4,3
977,58,1,"Research & Development","Research Scientist",2479,0,7,4,4
981,53,0,Sales,Manager,14852,0,22,3,3
982,30,0,Sales,"Sales Executive",7264,0,10,3,3
983,38,0,Sales,"Sales Executive",5666,1,6,3,3
984,35,0,Sales,"Sales Executive",7823,0,12,4,3
985,39,0,Sales,"Sales Executive",7880,0,9,1,3
986,40,1,Sales,"Sales Executive",13194,1,22,2,3
987,47,0,"Research & Development","Manufacturing Director",5067,1,20,3,3
990,36,0,Sales,"Sales Executive",5079,0,12,1,3
991,31,1,"Research & Development","Research Scientist",2321,1,4,3,4
992,33,0,Sales,Manager,17444,0,10,4,3
994,29,1,"Research & Development","Research Scientist",2404,1,3,4,4
995,33,0,"Research & Development","Research Scientist",3452,0,5,2,3
996,45,0,"Research & Development","Laboratory Technician",2270,0,8,4,3
997,50,0,"Research & Development","Research Director",17399,0,32,4,4
998,33,0,"Research & Development","Healthcare Representative",5488,1,6,3,3
999,41,0,"Research & Development","Research Director",19419,0,21,1,3
1001,27,0,"Research & Development","Laboratory Technician",2811,0,4,3,3
1002,45,0,"Research & Development","Laboratory Technician",3633,1,9,4,3
1003,47,0,Sales,"Sales Executive",4163,1,9,4,3
1004,30,1,"Research & Development","Research Scientist",2132,1,7,1,3
1005,50,0,"Research & Development","Manufacturing Director",13973,1,22,4,3
1006,38,0,"Research & Development","Research Scientist",2684,0,3,3,3
1007,46,0,"Research & Development","Manufacturing Director",10845,0,13,4,3
1009,24,0,"Research & Development","Manufacturing Director",4377,0,5,4,3
1010,35,1,"Research & Development","Laboratory Technician",3743,1,5,3,4
1011,31,0,"Research & Development","Manufacturing Director",4148,0,4,3,3
1012,18,0,"Research & Development","Research Scientist",1051,0,0,2,3
1013,54,0,"Research & Development","Manufacturing Director",10739,0,22,3,3
1014,35,0,"Research & Development","Healthcare Representative",10388,1,16,3,3
1015,30,0,"Research & Development","Research Director",11416,1,9,2,3
1016,20,1,"Research & Development","Research Scientist",2600,1,1,4,3
1017,30,1,"Research & Development","Laboratory Technician",2422,0,4,2,3
1018,26,0,"Research & Development","Manufacturing Director",5472,0,8,4,3
1019,22,0,"Research & Development","Laboratory Technician",2451,0,4,2,3
1022,48,0,"Research & Development","Healthcare Representative",4240,0,19,1,3
1024,48,0,"Research & Development","Healthcare Representative",10999,0,27,3,3
1025,41,0,"Research & Development","Manufacturing Director",5003,0,8,4,3
1026,39,0,"Research & Development","Manufacturing Director",12742,0,21,4,3
1027,27,0,"Research & Development","Manufacturing Director",4227,0,4,1,3
1028,35,0,"Research & Development","Laboratory Technician",3917,0,3,2,4
1029,42,0,Sales,Manager,18303,0,21,4,3
1030,50,0,"Research & Development","Laboratory Technician",2380,0,8,1,3
1032,59,0,"Research & Development","Manufacturing Director",13726,1,30,3,3
1033,37,1,"Research & Development","Healthcare Representative",4777,0,15,1,3
1034,55,0,"Research & Development","Healthcare Representative",6385,1,17,3,3
1035,41,0,"Research & Development","Research Director",19973,0,21,2,4
1036,38,0,Sales,"Sales Executive",6861,1,19,2,3
1037,26,1,Sales,"Sales Executive",4969,0,7,2,3
1038,52,1,Sales,Manager,19845,0,33,1,3
1039,44,0,Sales,"Sales Executive",13320,1,23,4,3
1040,50,0,Sales,"Sales Executive",6347,0,19,4,3
1042,36,1,"Research & Development","Laboratory Technician",2743,0,18,3,3
1043,39,0,"Research & Development","Manufacturing Director",10880,1,21,4,3
1044,33,0,Sales,"Sales Representative",2342,0,3,2,3
1045,45,0,Sales,Manager,17650,0,26,4,3
1046,32,0,"Research & Development","Laboratory Technician",4025,0,10,4,3
1047,34,0,Sales,"Sales Executive",9725,0,16,2,3
1048,59,0,Sales,Manager,11904,1,14,2,3
1049,45,0,"Human Resources","Human Resources",2177,0,6,2,3
1050,53,0,Sales,"Sales Executive",7525,0,30,3,3
1052,36,1,"Research & Development","Laboratory Technician",4834,0,9,1,3
1053,26,1,"Research & Development","Research Scientist",2042,1,6,1,3
1055,34,0,Sales,"Sales Representative",2220,1,1,3,3
1056,28,0,Sales,"Sales Representative",1052,0,1,4,4
1060,38,0,"Research & Development","Research Scientist",2821,0,8,3,3
1061,50,0,"Research & Development","Research Director",19237,1,29,2,3
1062,37,0,"Research & Development","Healthcare Representative",4107,0,8,4,3
1066,40,0,Sales,"Sales Executive",8396,0,8,3,3
1068,26,0,"Research & Development","Research Scientist",2007,0,5,1,3
1069,46,0,"Research & Development","Research Director",19627,0,23,4,3
1070,54,0,Sales,"Sales Executive",10686,0,13,3,3
1071,56,0,"Research & Development","Research Scientist",2942,0,18,1,3
1073,36,0,"Research & Development","Manufacturing Director",8858,0,15,4,3
1074,55,0,"Research & Development",Manager,16756,0,31,3,3
1076,43,0,Sales,"Sales Executive",10798,0,18,3,3
1077,20,1,Sales,"Sales Representative",2323,1,2,4,3
1079,21,1,"Research & Development","Laboratory Technician",1416,0,1,3,3
1080,46,0,"Research & Development","Research Scientist",4615,1,19,4,4
1081,51,1,"Research & Development","Research Scientist",2461,1,18,1,3
1082,28,1,"Research & Development","Healthcare Representative",8722,0,10,2,3
1083,26,0,"Research & Development","Laboratory Technician",3955,0,6,1,3
1084,30,0,"Research & Development","Manufacturing Director",9957,0,7,3,3
1085,41,0,"Research & Development","Research Scientist",3376,0,10,2,3
1088,38,0,"Research & Development","Healthcare Representative",8823,0,20,3,3
1092,40,0,"Research & Development","Healthcare Representative",10322,0,14,1,4
1094,27,0,"Research & Development","Laboratory Technician",4621,0,3,1,3
1096,55,0,"Research & Development","Manufacturing Director",10976,0,23,4,3
1097,28,0,"Research & Development","Research Scientist",3660,0,10,3,3
1098,44,1,"Human Resources","Human Resources",10482,0,24,2,3
1099,33,0,"Research & Development","Healthcare Representative",7119,0,9,4,3
1100,35,1,Sales,"Sales Executive",9582,1,9,4,4
1101,33,1,"Research & Development","Research Scientist",4508,0,14,1,4
1102,28,0,"Research & Development","Laboratory Technician",2207,0,4,1,3
1103,34,0,"Research & Development","Healthcare Representative",7756,0,7,1,3
1105,37,0,Sales,"Sales Executive",6694,1,8,4,3
1106,25,1,"Research & Development","Laboratory Technician",3691,1,7,4,3
1107,26,1,"Research & Development","Laboratory Technician",2377,0,1,1,4
1108,33,1,"Research & Development","Research Scientist",2313,1,5,1,4
1109,42,0,"Research & Development",Manager,17665,0,23,4,3
1111,28,1,"Research & Development","Laboratory Technician",2596,0,1,1,3
1113,50,1,Sales,"Sales Executive",4728,1,5,4,3
1114,33,0,Sales,"Sales Executive",4302,0,4,4,3
1115,34,0,"Research & Development","Research Scientist",2979,0,6,3,3
1116,48,0,"Research & Development",Manager,16885,0,27,1,4
1117,45,0,Sales,"Sales Executive",5593,0,15,2,3
1118,52,0,"Research & Development","Healthcare Representative",10445,0,18,2,3
1119,38,0,Sales,"Sales Executive",8740,1,9,3,3
1120,29,0,"Research & Development","Research Scientist",2514,0,11,3,4
1121,28,0,"Research & Development","Manufacturing Director",7655,0,10,4,3
1124,46,0,Sales,Manager,17465,0,23,1,3
1125,38,0,Sales,"Sales Executive",7351,0,10,4,3
1126,43,0,"Research & Development","Manufacturing Director",10820,0,18,3,3
1127,39,1,"Research & Development","Healthcare Representative",12169,0,21,1,3
1128,40,0,"Research & Development","Research Director",19626,0,21,3,3
1131,21,0,"Research & Development","Research Scientist",2070,1,2,4,3
1132,39,0,"Research & Development","Laboratory Technician",6782,0,9,3,3
1133,36,0,"Research & Development","Manufacturing Director",7779,0,18,1,4
1135,31,0,Sales,"Sales Representative",2791,0,3,3,3
1136,28,0,"Research & Development","Research Scientist",3201,0,6,1,3
1137,35,0,Sales,"Sales Executive",4968,0,5,4,3
1138,49,0,Sales,"Sales Executive",13120,0,22,4,3
1140,34,0,"Research & Development","Manufacturing Director",4033,0,5,4,3
1143,29,0,"Research & Development","Research Scientist",3291,0,8,4,3
1148,42,0,"Research & Development","Laboratory Technician",4272,0,16,2,3
1150,29,0,"Research & Development","Manufacturing Director",5056,1,10,2,3
1152,38,0,"Human Resources","Human Resources",2844,0,7,3,3
1154,28,0,"Research & Development","Research Scientist",2703,1,3,3,3
1156,18,1,"Research & Development","Laboratory Technician",1904,0,0,3,3
1157,33,1,Sales,"Sales Executive",8224,1,6,1,3
1158,41,0,"Research & Development","Laboratory Technician",4766,1,6,2,3
1160,31,1,"Research & Development","Laboratory Technician",2610,0,2,3,3
1161,37,0,"Research & Development","Healthcare Representative",5731,0,9,3,3
1162,27,0,"Research & Development","Research Scientist",2539,0,4,4,3
1163,34,0,Sales,"Sales Executive",5714,0,6,2,4
1164,35,0,"Human Resources","Human Resources",4323,0,6,3,3
1165,29,1,Sales,"Sales Executive",7336,0,11,4,3
1166,40,0,"Research & Development","Research Director",13499,0,20,2,3
1167,42,1,Sales,"Sales Executive",13758,1,22,3,3
1171,42,0,Sales,"Sales Executive",5155,0,9,2,3
1172,35,0,"Research & Development","Laboratory Technician",2258,0,10,4,3
1173,24,0,"Research & Development","Laboratory Technician",3597,0,6,4,4
1175,28,1,"Research & Development","Laboratory Technician",2515,1,1,3,3
1177,26,0,"Research & Development","Laboratory Technician",4420,0,8,1,4
1179,30,0,Sales,"Sales Executive",6578,0,10,3,3
1180,40,0,"Research & Development","Research Scientist",4422,1,16,3,3
1182,35,0,"Research & Development","Manufacturing Director",10274,0,15,3,3
1184,34,0,"Research & Development","Healthcare Representative",5343,0,14,4,4
1185,35,0,"Research & Development","Laboratory Technician",2376,0,2,4,3
1188,43,1,Sales,"Sales Executive",5346,0,7,1,3
1190,32,0,Sales,"Sales Representative",2827,0,1,3,3
1191,56,0,"Research & Development",Manager,19943,0,28,4,3
1192,29,0,"Research & Development","Laboratory Technician",3131,0,10,2,3
1193,19,0,"Research & Development","Research Scientist",2552,0,1,3,4
1195,45,0,"Research & Development","Research Scientist",4477,1,7,1,3
1196,37,0,"Research & Development","Manufacturing Director",6474,0,14,4,3
1198,20,0,"Research & Development","Laboratory Technician",3033,0,2,1,3
1200,44,1,"Research & Development","Research Scientist",2936,1,6,3,3
1201,53,0,"Research & Development",Manager,18606,0,26,4,3
1202,29,0,"Research & Development","Research Scientist",2168,1,6,2,3
1203,22,1,"Research & Development","Research Scientist",2853,1,1,3,3
1204,46,0,Sales,Manager,17048,0,28,3,4
1206,44,0,"Research & Development","Research Scientist",2290,0,6,4,3
1207,33,0,"Human Resources","Human Resources",3600,0,5,2,3
1210,41,1,"Research & Development","Research Scientist",2107,0,5,1,3
1211,30,0,Sales,"Sales Executive",4115,0,8,3,3
1212,40,0,Sales,"Sales Executive",4327,0,5,2,3
1215,50,0,"Research & Development",Manager,17856,0,32,4,4
1216,28,0,"Research & Development","Laboratory Technician",3196,0,6,4,3
1217,46,0,"Research & Development","Research Director",19081,0,25,4,3
1218,35,0,Sales,"Sales Executive",8966,1,15,3,3
1219,24,1,"Research & Development","Laboratory Technician",2210,0,1,4,3
1220,33,0,Sales,"Sales Executive",4539,0,10,2,3
1221,36,0,"Research & Development","Laboratory Technician",2741,0,7,3,3
1224,30,0,"Research & Development","Laboratory Technician",3491,0,10,3,3
1225,44,0,"Research & Development","Research Scientist",4541,0,20,4,4
1226,20,0,Sales,"Sales Representative",2678,0,2,3,3
1228,46,0,"Research & Development","Manufacturing Director",7379,0,12,4,3
1231,42,0,"Human Resources","Human Resources",6272,0,10,4,3
1233,60,0,Sales,"Sales Executive",5220,1,12,2,3
1234,32,0,"Research & Development","Laboratory Technician",2743,0,2,3,4
1235,32,0,"Research & Development","Research Scientist",4998,1,10,4,3
1237,36,0,"Research & Development","Manufacturing Director",10252,1,17,3,4
1238,33,0,"Research & Development","Research Scientist",2781,0,15,1,3
1239,40,0,Sales,"Sales Executive",6852,0,7,2,3
1240,25,0,Sales,"Sales Executive",4950,0,5,3,3
1241,30,0,"Research & Development","Research Scientist",3579,1,12,4,4
1242,42,0,"Research & Development","Research Director",13191,1,20,1,3
1243,35,0,Sales,"Sales Executive",10377,1,16,3,3
1244,27,0,"Research & Development","Research Scientist",2235,1,9,1,3
1245,54,0,"Research & Development","Manufacturing Director",10502,0,33,4,3
1246,44,0,"Research & Development","Research Scientist",2011,0,10,1,3
1248,19,1,"Research & Development","Research Scientist",1859,1,1,1,4
1249,29,0,"Research & Development","Research Scientist",3760,0,3,1,3
1250,54,0,"Research & Development","Research Director",17779,0,36,4,3
1251,31,0,"Research & Development","Healthcare Representative",6833,1,6,3,3
1252,31,0,"Research & Development","Healthcare Representative",6812,0,10,3,3
1254,59,0,Sales,"Sales Executive",5171,0,13,3,3
1255,43,0,"Research & Development","Research Director",19740,0,25,3,3
1256,49,0,"Research & Development",Manager,18711,0,23,1,3
1257,36,0,"Research & Development","Research Scientist",3692,0,12,3,3
1258,48,0,"Research & Development","Laboratory Technician",2559,0,7,4,3
1259,27,0,"Research & Development","Research Scientist",2517,0,5,1,3
1260,29,0,"Research & Development","Healthcare Representative",6623,1,6,3,3
1263,48,0,"Research & Development","Research Director",18265,0,25,4,3
1264,29,0,"Research & Development","Research Director",16124,0,9,4,3
1265,34,0,"Research & Development","Research Scientist",2585,0,2,3,3
1267,44,0,Sales,Manager,18213,0,26,2,3
1268,33,0,Sales,"Sales Executive",8380,1,10,4,3
1269,19,0,"Research & Development","Research Scientist",2994,1,1,2,3
1270,23,0,"Research & Development","Research Scientist",1223,0,1,4,4
1273,25,1,Sales,"Sales Representative",1118,1,1,3,3
1275,26,0,"Research & Development","Research Scientist",2875,1,8,3,4
1277,45,1,Sales,Manager,18824,1,26,1,3
1278,55,0,"Research & Development","Healthcare Representative",13577,1,34,4,3
1279,21,1,"Research & Development","Laboratory Technician",2625,0,2,1,4
1280,46,0,Sales,Manager,18789,0,26,4,3
1281,34,0,Sales,"Sales Executive",4538,1,4,3,3
1282,51,0,Sales,Manager,19847,1,31,4,4
1283,59,0,"Research & Development","Manufacturing Director",10512,0,25,4,3
1285,34,0,"Research & Development","Laboratory Technician",4444,0,15,3,3
1286,28,0,"Research & Development","Laboratory Technician",2154,1,5,4,3
1288,44,0,"Research & Development",Manager,19190,0,26,3,3
1289,34,0,"Human Resources","Human Resources",4490,0,14,3,3
1291,35,0,"Research & Development","Research Scientist",3506,1,4,3,3
1292,42,0,"Research & Development","Research Scientist",2372,1,18,2,3
1293,43,0,Sales,"Sales Executive",10231,0,23,4,3
1294,36,0,"Research & Development","Manufacturing Director",5410,1,18,3,3
1295,44,1,"Research & Development","Healthcare Representative",7978,0,10,1,3
1296,28,0,"Research & Development","Laboratory Technician",3867,1,2,4,3
1297,51,0,"Research & Development","Laboratory Technician",2838,0,8,2,3
1298,30,0,"Research & Development","Manufacturing Director",4695,1,10,3,3
1299,29,1,"Research & Development","Laboratory Technician",3339,1,10,2,3
1301,28,0,"Research & Development","Research Scientist",2080,0,5,4,3
1303,25,0,"Research & Development","Research Scientist",2096,0,2,4,3
1304,32,0,Sales,"Sales Executive",6209,0,10,3,3
1306,45,0,"Research & Development",Manager,18061,0,22,2,4
1307,39,0,"Research & Development",Manager,17123,1,21,3,3
1308,58,0,"Research & Development","Research Scientist",2372,0,2,1,3
1309,32,1,"Research & Development","Laboratory Technician",4883,0,10,4,3
1310,39,1,"Research & Development","Research Scientist",3904,0,6,3,3
1311,30,0,"Research & Development","Laboratory Technician",4627,0,10,1,3
1312,36,0,"Research & Development","Healthcare Representative",7094,0,10,4,3
1314,46,0,"Human Resources","Human Resources",3423,0,10,4,3
1315,28,0,"Research & Development","Laboratory Technician",6674,0,10,3,3
1317,50,0,"Research & Development","Research Director",16880,1,25,4,3
1318,40,1,Sales,"Sales Executive",9094,1,9,4,3
1319,52,1,Sales,"Sales Executive",8446,1,10,2,3
1321,30,0,"Research & Development",Manager,11916,1,9,2,4
1322,39,0,"Research & Development","Manufacturing Director",4534,0,9,1,3
1324,31,0,Sales,"Sales Executive",9852,1,10,4,3
1329,41,0,Sales,"Sales Executive",6151,0,19,3,3
1331,31,1,Sales,"Sales Representative",2302,1,3,4,3
1333,44,1,"Research & Development","Laboratory Technician",2362,0,10,1,3
1334,42,0,"Research & Development",Manager,17861,1,21,3,3
1336,55,0,"Research & Development",Manager,19187,0,23,4,3
1338,56,0,"Human Resources",Manager,19717,0,36,4,3
1340,40,0,"Research & Development","Research Scientist",3544,0,6,3,3
1344,34,0,"Research & Development","Healthcare Representative",8500,0,10,4,3
1346,40,0,"Research & Development","Research Scientist",4661,0,9,3,3
1349,41,0,Sales,"Sales Executive",4103,0,10,3,3
1350,35,0,"Research & Development","Research Scientist",4249,1,9,3,3
1352,51,0,"Human Resources",Manager,14026,1,33,3,3
1355,38,0,Sales,"Sales Executive",6893,0,11,2,3
1356,34,0,Sales,"Sales Executive",6125,0,10,3,3
1358,25,0,"Research & Development","Laboratory Technician",3669,0,7,4,3
1360,58,1,"Research & Development","Manufacturing Director",10008,1,31,3,3
1361,40,0,"Research & Development","Laboratory Technician",2387,0,7,2,4
1362,36,0,Sales,"Sales Executive",4639,0,17,1,3
1363,48,0,"Research & Development","Manufacturing Director",7898,0,11,4,3
1364,27,0,Sales,"Sales Representative",2534,0,5,3,3
1367,51,0,"Research & Development","Manufacturing Director",13142,0,29,4,3
1368,18,0,"Research & Development","Laboratory Technician",1611,0,0,4,3
1369,35,0,"Research & Development","Laboratory Technician",5363,0,10,4,3
1371,27,0,Sales,"Sales Executive",5071,0,8,4,4
1372,55,1,Sales,"Sales Executive",13695,1,24,1,3
1373,56,0,"Research & Development","Manufacturing Director",13402,1,33,4,3
1374,34,0,"Research & Development","Research Scientist",2029,0,5,1,4
1375,40,0,"Research & Development","Healthcare Representative",6377,0,15,2,4
1377,34,0,"Research & Development","Laboratory Technician",5429,0,10,2,3
1379,31,1,Sales,"Sales Representative",2785,0,3,3,3
1380,35,1,Sales,"Sales Executive",4614,1,5,4,3
1382,38,0,"Research & Development","Research Scientist",2610,0,4,4,3
1383,34,0,"Research & Development","Healthcare Representative",6687,0,14,3,3
1387,28,0,Sales,"Sales Executive",4724,0,5,3,3
1389,31,1,"Research & Development","Manufacturing Director",6179,1,10,4,3
1390,39,0,Sales,"Sales Executive",6120,1,8,1,3
1391,51,0,Sales,"Sales Executive",10596,0,14,2,3
1392,41,0,"Research & Development","Research Scientist",5467,1,12,4,3
1394,37,0,"Research & Development","Research Scientist",2996,1,8,3,3
1395,33,0,Sales,"Sales Executive",9998,0,8,2,3
1396,32,0,Sales,"Sales Executive",4078,1,4,3,3
1397,39,0,"Research & Development","Healthcare Representative",10920,0,13,3,4
1399,25,0,Sales,"Sales Executive",6232,0,6,1,3
1401,52,0,"Research & Development","Manufacturing Director",13247,1,24,4,3
1402,43,0,"Research & Development","Research Scientist",4081,1,20,1,3
1403,27,0,Sales,"Sales Executive",5769,1,6,4,3
1405,27,1,"Research & Development","Research Scientist",2394,1,8,4,3
1407,26,0,"Research & Development","Research Scientist",3904,0,5,1,3
1408,42,0,"Human Resources",Manager,16799,0,21,3,3
1409,52,0,"Research & Development","Laboratory Technician",2950,0,12,3,3
1411,37,0,"Research & Development","Laboratory Technician",3629,0,8,1,3
1412,35,0,"Research & Development","Manufacturing Director",9362,0,10,3,3
1415,25,0,"Research & Development","Laboratory Technician",3229,0,7,1,3
1417,26,0,"Research & Development","Laboratory Technician",3578,0,8,3,3
1419,29,0,"Human Resources","Human Resources",7988,0,10,2,3
1420,49,1,"Research & Development","Laboratory Technician",4284,0,20,1,4
1421,29,1,"Research & Development","Healthcare Representative",7553,1,9,3,3
1422,54,0,"Research & Development","Research Director",17328,0,29,4,3
1423,58,0,"Research & Development","Research Director",19701,1,32,4,4
1424,55,0,"Research & Development","Research Director",14732,0,31,2,3
1425,36,0,Sales,"Sales Executive",9278,1,15,1,3
1427,31,1,Sales,"Sales Representative",1359,0,1,2,3
1428,30,0,Sales,"Sales Executive",4779,0,8,4,3
1430,31,0,"Research & Development","Research Director",16422,0,9,1,3
1431,34,0,"Research & Development","Research Scientist",2996,0,10,4,3
1433,31,1,"Research & Development","Research Scientist",1261,0,1,1,3
1434,27,0,"Research & Development","Laboratory Technician",2099,0,6,2,3
1435,36,0,"Research & Development","Laboratory Technician",5810,0,10,1,3
1436,36,0,Sales,"Sales Executive",5647,0,11,3,3
1438,47,0,"Research & Development","Research Scientist",3420,0,17,1,3
1439,25,1,Sales,"Sales Representative",4400,0,6,1,3
1440,37,0,"Research & Development","Laboratory Technician",3500,0,7,3,3
1441,56,0,"Research & Development","Research Scientist",2066,0,5,1,4
1443,47,0,"Research & Development","Research Director",17169,0,26,1,3
1445,24,0,Sales,"Sales Executive",4162,1,5,4,3
1446,32,0,Sales,"Sales Executive",9204,0,7,4,3
1447,34,0,"Research & Development","Laboratory Technician",3294,0,7,4,3
1448,41,0,"Research & Development","Research Scientist",2127,1,7,2,3
1449,40,0,"Research & Development","Laboratory Technician",3975,0,11,3,3
1453,31,0,Sales,"Sales Executive",10793,0,13,1,3
1457,46,1,Sales,"Sales Executive",10096,0,28,1,3
1458,39,1,"Research & Development","Laboratory Technician",3646,1,11,1,4
1459,31,1,"Research & Development","Manufacturing Director",7446,0,10,3,3
1460,45,0,"Research & Development","Healthcare Representative",10851,1,24,2,3
1461,31,0,"Human Resources","Human Resources",2109,0,8,4,3
1464,31,1,"Research & Development","Laboratory Technician",3722,1,7,2,3
1465,45,0,"Research & Development","Manufacturing Director",9380,1,10,2,3
1466,48,0,Sales,"Sales Executive",5486,0,15,3,3
1467,34,1,"Human Resources","Human Resources",2742,0,2,1,3
1468,40,0,"Research & Development","Research Director",13757,0,16,4,3
1469,28,0,Sales,"Sales Executive",8463,0,6,4,3
1471,44,0,"Research & Development","Laboratory Technician",3162,0,7,3,3
1472,53,0,"Research & Development","Research Director",16598,0,35,4,3
1473,49,0,"Research & Development","Healthcare Representative",6651,0,20,1,3
1474,40,0,"Research & Development","Research Scientist",2345,0,8,3,3
1475,44,0,"Research & Development","Research Scientist",3420,0,6,4,3
1477,33,0,Sales,"Sales Executive",4373,0,5,4,3
1478,34,0,Sales,"Sales Executive",4759,0,15,4,3
1479,30,0,Sales,"Sales Executive",5301,0,4,4,3
1480,42,0,"Research & Development","Laboratory Technician",3673,0,12,1,3
1481,44,0,Sales,"Sales Executive",4768,0,11,1,3
1482,30,0,"Research & Development","Research Scientist",1274,0,1,3,3
1483,57,0,"Research & Development","Research Scientist",4900,0,13,2,4
1484,49,0,"Research & Development","Healthcare Representative",10466,0,29,3,3
1485,34,0,"Research & Development","Research Director",17007,0,16,2,3
1486,28,1,Sales,"Sales Representative",2909,0,5,1,3
1487,29,1,Sales,"Sales Executive",5765,0,7,1,3
1489,34,1,Sales,"Sales Executive",4599,1,16,1,4
1492,35,0,Sales,"Sales Representative",2404,0,1,4,3
1494,24,1,"Research & Development","Laboratory Technician",3172,1,4,2,3
1495,24,0,Sales,"Sales Representative",2033,0,1,4,3
1496,44,0,"Research & Development","Manufacturing Director",10209,1,16,2,3
1497,29,0,Sales,"Sales Executive",8620,0,10,3,3
1499,30,0,"Human Resources","Human Resources",2064,0,6,3,4
1501,55,0,"Research & Development","Healthcare Representative",4035,1,4,4,3
1502,33,0,"Research & Development","Laboratory Technician",3838,0,8,1,3
1503,47,0,Sales,"Sales Executive",4591,1,11,3,3
1504,28,1,"Research & Development","Laboratory Technician",2561,0,8,3,3
1506,28,0,"Research & Development","Research Scientist",1563,0,1,1,3
1507,28,0,Sales,"Sales Executive",4898,0,5,3,3
1509,49,0,"Research & Development","Laboratory Technician",4789,0,10,3,4
1513,29,0,"Research & Development","Laboratory Technician",3180,0,4,4,3
1514,28,0,"Research & Development","Manufacturing Director",6549,0,8,3,3
1515,33,0,"Research & Development","Healthcare Representative",6388,1,14,4,3
1516,32,0,"Research & Development",Manager,11244,0,10,3,4
1520,54,0,"Research & Development",Manager,16032,0,26,2,4
1522,29,1,"Research & Development","Research Scientist",2362,0,11,1,3
1523,44,0,"Research & Development","Research Director",16328,0,24,4,3
1525,39,0,"Research & Development","Manufacturing Director",8376,0,9,2,3
1527,46,0,Sales,Manager,16606,0,23,3,3
1529,35,0,"Research & Development","Healthcare Representative",8606,0,11,4,3
1533,23,0,"Research & Development","Laboratory Technician",2272,0,5,1,3
1534,40,1,"Research & Development","Laboratory Technician",2018,0,15,4,3
1535,34,0,Sales,"Sales Executive",7083,1,10,4,3
1537,31,1,"Research & Development","Research Scientist",4084,0,7,4,3
1539,50,0,"Research & Development","Research Director",14411,1,32,3,3
1541,34,0,Sales,"Sales Representative",2308,1,12,2,4
1542,42,0,"Research & Development","Laboratory Technician",4841,0,4,3,3
1543,37,0,"Research & Development","Research Scientist",4285,0,10,1,3
1544,29,0,"Research & Development","Healthcare Representative",9715,0,9,3,3
1545,33,0,"Research & Development","Manufacturing Director",4320,0,5,4,3
1546,45,0,"Research & Development","Research Scientist",2132,0,8,4,4
1547,42,0,"Research & Development","Healthcare Representative",10124,1,24,4,3
1548,40,0,Sales,"Sales Executive",5473,0,9,1,3
1549,33,0,"Research & Development","Laboratory Technician",5207,1,15,2,3
1550,40,0,"Human Resources",Manager,16437,1,21,3,4
1551,24,0,"Research & Development","Laboratory Technician",2296,0,2,3,3
1552,40,0,"Research & Development","Healthcare Representative",4069,1,8,4,3
1553,45,0,"Research & Development","Healthcare Representative",7441,0,10,1,3
1554,35,0,Sales,"Sales Representative",2430,0,6,2,4
1555,32,0,"Research & Development","Research Scientist",5878,0,12,4,3
1556,36,0,Sales,"Sales Representative",2644,1,7,3,4
1557,48,0,Sales,"Sales Executive",6439,0,18,3,3
1558,29,0,"Research & Development","Research Scientist",2451,0,5,3,3
1560,33,0,Sales,"Sales Executive",6392,0,8,1,3
1562,30,1,Sales,"Sales Executive",9714,0,10,2,3
1563,38,0,"Human Resources","Human Resources",6077,0,10,3,3
1564,35,0,"Research & Development","Laboratory Technician",2450,0,3,4,3
1568,30,0,Sales,"Sales Executive",9250,0,9,3,3
1569,35,1,"Research & Development","Laboratory Technician",2074,1,1,1,3
1572,53,1,"Research & Development","Manufacturing Director",10169,0,34,3,3
1573,38,1,"Research & Development","Manufacturing Director",4855,0,7,3,3
1574,32,0,"Research & Development","Research Scientist",4087,0,9,4,3
1576,48,0,"Research & Development","Research Scientist",2367,0,10,3,3
1577,34,0,"Research & Development","Research Scientist",2972,0,1,1,3
1578,55,0,Sales,Manager,19586,0,36,3,4
1580,34,0,"Research & Development","Research Scientist",5484,0,9,2,3
1581,26,0,"Research & Development","Research Scientist",2061,0,1,1,4
1582,38,0,Sales,"Sales Executive",9924,0,10,3,3
1583,38,0,Sales,"Sales Executive",4198,0,8,2,3
1585,36,0,Sales,"Sales Executive",6815,0,15,2,3
1586,29,0,"Research & Development","Laboratory Technician",4723,1,10,2,3
1587,35,0,"Research & Development","Healthcare Representative",6142,1,10,1,3
1588,39,0,Sales,"Sales Executive",8237,0,11,4,3
1590,29,0,"Research & Development","Healthcare Representative",8853,0,6,1,3
1591,50,0,Sales,Manager,19331,1,27,3,3
1592,23,0,"Research & Development","Research Scientist",2073,0,4,4,3
1594,36,0,"Research & Development","Laboratory Technician",5562,1,9,1,3
1595,42,0,"Research & Development",Manager,19613,0,24,4,4
1596,35,0,"Research & Development","Laboratory Technician",3407,0,10,2,3
1597,34,0,"Research & Development","Healthcare Representative",5063,0,8,4,3
1598,40,0,Sales,"Sales Executive",4639,0,5,4,3
1599,43,0,"Research & Development","Laboratory Technician",4876,0,8,4,3
1601,35,0,"Research & Development","Laboratory Technician",2690,0,1,3,3
1602,46,0,Sales,Manager,17567,0,27,4,3
1604,28,1,"Research & Development","Laboratory Technician",2408,1,1,3,3
1605,22,0,"Research & Development","Research Scientist",2814,1,4,2,3
1606,50,0,"Research & Development","Healthcare Representative",11245,1,32,2,3
1607,32,0,"Research & Development","Research Scientist",3312,0,6,2,3
1608,44,0,"Research & Development","Research Director",19049,1,23,2,3
1609,30,0,"Research & Development","Research Scientist",2141,0,6,2,3
1611,45,0,"Research & Development","Laboratory Technician",5769,1,10,3,3
1612,45,0,Sales,"Sales Executive",4385,0,10,1,3
1613,31,0,Sales,"Sales Executive",5332,0,10,4,3
1614,36,0,"Research & Development","Manufacturing Director",4663,1,7,3,3
1615,34,0,"Research & Development","Manufacturing Director",4724,0,9,3,3
1617,49,0,"Research & Development","Laboratory Technician",3211,0,10,3,3
1618,39,0,"Research & Development","Manufacturing Director",5377,0,10,2,3
1619,27,0,"Research & Development","Laboratory Technician",4066,0,7,4,3
1621,35,0,"Research & Development","Research Scientist",5208,0,16,2,3
1622,28,0,"Research & Development","Manufacturing Director",4877,0,6,2,4
1623,21,0,"Research & Development","Research Scientist",3117,0,3,3,3
1624,18,1,Sales,"Sales Representative",1569,1,0,2,3
1625,47,0,"Human Resources",Manager,19658,0,27,4,3
1627,39,0,"Research & Development","Laboratory Technician",3069,0,11,3,3
1628,40,0,"Research & Development","Manufacturing Director",10435,0,18,1,3
1630,35,0,"Research & Development","Healthcare Representative",4148,0,15,3,3
1631,37,0,"Research & Development","Manufacturing Director",5768,0,9,3,3
1633,39,0,"Research & Development","Manufacturing Director",5042,0,10,1,3
1635,45,0,"Research & Development","Manufacturing Director",5770,0,10,4,3
1638,38,0,"Research & Development","Manufacturing Director",7756,1,10,4,3
1639,35,1,Sales,"Sales Executive",10306,0,15,4,3
1640,37,0,"Research & Development","Research Scientist",3936,0,8,2,3
1641,40,0,"Research & Development","Manufacturing Director",7945,1,18,3,3
1642,44,0,"Human Resources","Human Resources",5743,1,14,1,3
1644,48,0,"Research & Development",Manager,15202,0,23,3,4
1645,35,1,Sales,"Sales Executive",5440,1,7,1,3
1646,24,0,"Research & Development","Research Scientist",3760,1,6,1,3
1647,27,0,"Research & Development","Research Scientist",3517,0,5,2,3
1648,27,0,"Research & Development","Research Scientist",2580,0,6,4,3
1649,40,1,"Research & Development","Laboratory Technician",2166,1,10,1,3
1650,29,0,Sales,"Sales Executive",5869,0,8,3,3
1651,36,0,"Research & Development","Healthcare Representative",8008,0,9,2,3
1653,25,0,"Research & Development","Manufacturing Director",5206,0,7,4,3
1654,39,0,"Research & Development","Manufacturing Director",5295,0,7,4,4
1655,49,0,"Research & Development","Research Director",16413,0,27,1,3
1656,50,0,"Research & Development","Research Director",13269,0,19,4,3
1657,20,0,Sales,"Sales Representative",2783,0,2,3,3
1658,34,0,"Research & Development","Research Scientist",5433,0,11,4,3
1659,36,0,"Research & Development","Laboratory Technician",2013,0,15,1,3
1661,49,0,"Research & Development","Healthcare Representative",13966,1,30,3,3
1662,36,0,"Research & Development","Manufacturing Director",4374,0,4,4,3
1664,36,0,"Research & Development","Healthcare Representative",6842,0,13,4,4
1665,54,0,"Research & Development",Manager,17426,0,36,2,4
1666,43,0,"Research & Development","Research Director",17603,0,14,3,4
1667,35,1,Sales,"Sales Executive",4581,1,13,4,4
1668,38,0,"Research & Development","Research Scientist",4735,0,19,4,3
1669,29,0,Sales,"Sales Executive",4187,1,10,1,3
1670,33,0,Sales,"Sales Executive",5505,0,6,4,3
1671,32,0,"Research & Development","Research Scientist",5470,0,10,4,3
1673,31,0,Sales,"Sales Executive",5476,0,10,1,3
1674,49,0,"Research & Development","Laboratory Technician",2587,1,17,4,3
1675,38,0,"Research & Development","Laboratory Technician",2440,0,4,4,4
1676,47,0,Sales,Manager,15972,0,29,2,3
1677,49,0,"Research & Development",Manager,15379,0,23,3,3
1678,41,0,Sales,"Sales Executive",7082,1,21,4,3
1680,20,0,Sales,"Sales Representative",2728,0,2,4,3
1681,33,0,Sales,"Sales Executive",5368,1,7,3,4
1682,36,0,"Research & Development","Healthcare Representative",5347,0,10,1,3
1683,44,0,"Human Resources","Human Resources",3195,1,8,3,3
1684,23,1,"Research & Development","Laboratory Technician",3989,1,5,4,3
1687,38,0,"Research & Development","Laboratory Technician",3306,0,7,4,3
1689,53,0,"Research & Development","Healthcare Representative",7005,0,11,2,3
1691,48,1,Sales,"Sales Representative",2655,1,19,4,3
1692,32,1,"Research & Development","Laboratory Technician",1393,0,1,4,3
1693,26,0,"Research & Development","Laboratory Technician",2570,0,7,4,4
1694,55,0,"Research & Development","Research Scientist",3537,0,8,1,3
1696,34,0,"Research & Development","Laboratory Technician",3986,0,15,2,3
1697,60,0,"Research & Development","Healthcare Representative",10883,0,19,3,4
1698,33,0,"Research & Development","Laboratory Technician",2028,0,14,2,3
1700,37,0,Sales,"Sales Executive",9525,0,6,3,3
1701,34,0,"Research & Development","Research Scientist",2929,0,10,2,3
1702,23,1,Sales,"Sales Representative",2275,1,3,3,4
1703,44,0,"Research & Development","Healthcare Representative",7879,1,9,3,3
1704,35,0,"Research & Development","Research Scientist",4930,1,6,1,3
1706,43,0,Sales,"Sales Executive",7847,1,10,4,3
1707,24,0,"Research & Development","Research Scientist",4401,0,5,3,3
1708,41,0,Sales,"Sales Executive",9241,0,10,4,3
1709,29,0,"Research & Development","Laboratory Technician",2974,0,9,4,3
1710,36,0,Sales,"Sales Representative",4502,0,17,3,3
1712,45,0,"Research & Development","Healthcare Representative",10748,0,25,3,4
1714,24,1,"Human Resources","Human Resources",1555,0,1,4,3
1716,47,1,Sales,"Sales Executive",12936,0,25,3,3
1718,26,0,"Research & Development","Laboratory Technician",2305,0,3,4,3
1719,45,0,"Research & Development","Research Director",16704,0,21,4,3
1720,32,0,"Research & Development","Research Scientist",3433,0,10,1,3
1721,31,0,"Research & Development","Laboratory Technician",3477,0,6,2,3
1722,41,0,"Human Resources","Human Resources",6430,0,10,3,3
1724,40,0,"Research & Development","Manufacturing Director",6516,1,18,2,3
1725,24,0,"Research & Development","Laboratory Technician",3907,0,6,2,3
1727,46,0,"Research & Development","Healthcare Representative",5562,0,19,3,3
1728,35,0,"Research & Development","Manufacturing Director",6883,0,17,4,3
1729,30,0,"Research & Development","Research Scientist",2862,0,10,2,3
1731,47,0,Sales,"Sales Executive",4978,0,4,3,3
1732,46,0,Sales,"Sales Executive",10368,1,13,3,3
1733,36,1,Sales,"Sales Executive",6134,1,16,2,3
1734,32,1,Sales,"Sales Executive",6735,0,10,1,3
1735,23,0,"Research & Development","Laboratory Technician",3295,0,3,3,3
1736,31,0,"Research & Development","Manufacturing Director",5238,0,9,4,4
1737,39,0,"Research & Development","Laboratory Technician",6472,1,9,4,3
1739,32,0,Sales,"Sales Executive",9610,0,10,4,3
1740,40,0,Sales,Manager,19833,0,21,2,3
1744,45,0,"Human Resources","Human Resources",9756,0,9,3,4
1745,30,0,"Research & Development","Research Scientist",4968,0,10,4,3
1746,24,0,"Human Resources","Human Resources",2145,0,3,1,3
1747,30,1,"Human Resources","Human Resources",2180,0,6,3,3
1749,31,0,Sales,"Sales Executive",8346,0,6,1,3
1751,27,0,"Research & Development","Research Scientist",3445,0,6,3,3
1752,29,1,Sales,"Sales Representative",2760,0,2,2,3
1753,29,0,"Research & Development","Healthcare Representative",6294,1,10,4,3
1754,30,0,Sales,"Sales Executive",7140,0,12,3,3
1755,34,0,"Research & Development","Research Scientist",2932,1,6,4,3
1756,33,0,Sales,"Sales Executive",5147,0,13,4,3
1757,49,0,Sales,"Sales Executive",4507,0,8,4,3
1758,33,1,Sales,"Sales Executive",8564,1,11,1,4
1760,38,0,"Research & Development","Laboratory Technician",2468,0,9,3,3
1761,31,1,Sales,"Sales Executive",8161,0,10,1,3
1762,29,0,"Research & Development","Research Scientist",2109,0,1,4,3
1763,30,0,"Research & Development","Healthcare Representative",5294,0,10,3,3
1764,32,0,"Research & Development","Research Scientist",2718,0,12,2,3
1766,38,0,"Research & Development","Healthcare Representative",5811,1,15,2,3
1767,43,1,"Research & Development","Research Scientist",2437,1,6,3,3
1768,42,0,"Research & Development","Laboratory Technician",2766,0,7,2,4
1770,55,0,"Research & Development","Research Director",19038,0,34,3,3
1771,33,0,"Research & Development","Research Scientist",3055,0,11,4,3
1772,41,0,"Research & Development","Laboratory Technician",2289,0,5,3,4
1774,34,0,Sales,"Sales Executive",4001,1,15,4,3
1775,53,0,"Research & Development","Manufacturing Director",12965,1,27,1,4
1778,43,0,"Human Resources","Human Resources",3539,0,10,2,3
1779,34,0,Sales,"Sales Executive",6029,0,6,4,3
1780,21,1,Sales,"Sales Representative",2679,0,1,2,3
1782,38,0,"Research & Development","Laboratory Technician",3702,0,5,4,3
1783,22,1,"Research & Development","Laboratory Technician",2398,1,1,3,3
1784,31,0,Sales,"Sales Executive",5468,0,13,1,3
1786,51,0,"Research & Development",Manager,13116,0,15,1,3
1787,37,0,Sales,"Sales Executive",4189,0,5,2,3
1789,46,0,"Research & Development","Research Director",19328,1,24,3,3
1790,36,0,"Research & Development","Healthcare Representative",8321,1,15,4,3
1792,44,1,"Research & Development","Research Scientist",2342,1,6,3,3
1794,37,0,"Human Resources","Human Resources",4071,0,19,3,3
1797,35,1,Sales,"Sales Executive",5813,1,10,3,3
1798,33,0,"Research & Development","Research Scientist",3143,0,14,4,3
1799,28,0,"Research & Development","Research Scientist",2044,0,5,3,3
1800,39,0,"Research & Development","Research Director",13464,0,9,3,4
1801,46,0,Sales,"Sales Executive",7991,0,6,2,3
1802,40,0,"Research & Development","Laboratory Technician",3377,0,7,3,3
1803,42,0,"Research & Development","Healthcare Representative",5538,0,10,2,3
1804,35,0,"Research & Development","Manufacturing Director",5762,0,15,2,3
1805,38,0,"Human Resources","Human Resources",2592,0,13,1,3
1807,34,1,"Research & Development","Laboratory Technician",5346,0,11,4,3
1809,37,1,"Research & Development","Manufacturing Director",4213,0,10,4,3
1812,39,0,Sales,"Sales Executive",4127,0,7,3,3
1813,43,0,"Research & Development","Research Scientist",2438,0,7,1,3
1814,41,0,"Research & Development","Healthcare Representative",6870,0,11,2,3
1815,41,0,Sales,"Sales Executive",10447,1,23,3,3
1816,30,0,"Research & Development","Manufacturing Director",9667,0,9,1,3
1818,26,1,"Human Resources","Human Resources",2148,1,6,4,3
1821,46,1,"Research & Development","Healthcare Representative",8926,0,13,4,4
1822,40,0,"Research & Development","Healthcare Representative",6513,0,12,3,3
1823,34,0,Sales,"Sales Executive",6799,0,10,2,4
1824,58,0,Sales,Manager,16291,0,37,2,4
1826,35,0,"Research & Development","Laboratory Technician",2705,0,6,2,3
1827,47,0,"Research & Development","Manufacturing Director",10333,1,28,3,3
1829,40,0,"Research & Development","Healthcare Representative",4448,0,15,2,3
1830,54,0,"Research & Development","Research Scientist",6854,0,14,4,3
1833,31,0,Sales,"Sales Executive",9637,0,9,1,3
1834,28,0,"Research & Development","Research Scientist",3591,0,3,3,4
1835,38,0,Sales,"Sales Representative",5405,1,20,2,4
1836,26,0,Sales,"Sales Executive",4684,0,5,3,3
1837,58,0,"Research & Development","Research Director",15787,1,23,1,3
1839,18,0,"Research & Development","Research Scientist",1514,0,0,2,3
1842,31,1,"Human Resources","Human Resources",2956,0,2,4,3
1844,29,1,"Human Resources","Human Resources",2335,1,4,1,3
1845,45,0,Sales,"Sales Executive",5154,0,10,3,4
1847,36,0,"Research & Development","Research Scientist",6962,1,15,4,4
1849,43,0,Sales,"Sales Executive",5675,0,7,1,4
1850,27,0,"Research & Development","Laboratory Technician",2379,1,6,4,3
1852,29,0,"Research & Development","Laboratory Technician",3812,0,11,4,3
1853,32,0,Sales,"Sales Executive",4648,0,4,4,3
1854,42,0,"Research & Development","Research Scientist",2936,0,10,3,4
1856,47,0,"Research & Development","Laboratory Technician",2105,0,7,2,3
1857,46,0,"Research & Development","Manufacturing Director",8578,0,12,4,3
1858,28,0,"Human Resources","Human Resources",2706,0,3,3,3
1859,29,0,"Research & Development","Healthcare Representative",6384,0,11,4,3
1860,42,0,"Research & Development","Laboratory Technician",3968,0,8,4,3
1862,32,1,Sales,"Sales Executive",9907,1,7,3,3
1863,46,0,Sales,"Sales Executive",13225,0,25,1,3
1864,27,0,Sales,"Sales Representative",3540,0,9,2,4
1865,29,0,"Human Resources","Human Resources",2804,0,1,4,3
1866,43,0,"Research & Development",Manager,19392,0,21,1,3
1867,48,0,"Research & Development","Research Director",19665,0,29,4,3
1868,29,1,"Research & Development","Research Scientist",2439,1,1,4,4
1869,46,1,Sales,"Sales Executive",7314,0,14,3,4
1870,27,0,"Research & Development","Research Scientist",4774,0,8,4,3
1871,39,0,"Research & Development","Research Scientist",3902,0,7,4,3
1873,55,0,"Research & Development","Research Scientist",2662,0,19,2,4
1875,28,0,Sales,"Sales Representative",2856,0,1,2,3
1876,30,1,Sales,"Sales Representative",1081,0,1,2,3
1878,22,1,"Research & Development","Research Scientist",2472,1,1,4,4
1880,36,0,Sales,"Sales Executive",5673,1,10,2,3
1881,31,0,"Research & Development","Laboratory Technician",4197,0,10,2,3
1882,34,0,Sales,"Sales Executive",9713,1,9,3,3
1883,29,0,"Research & Development","Laboratory Technician",2062,0,11,4,3
1885,37,0,"Research & Development","Research Scientist",4284,1,16,4,4
1886,35,0,"Research & Development","Manufacturing Director",4788,1,4,4,3
1888,45,0,"Research & Development","Manufacturing Director",5906,0,10,2,3
1890,36,0,"Human Resources","Human Resources",3886,0,10,2,4
1892,40,0,"Research & Development",Manager,16823,0,22,1,3
1893,26,0,"Research & Development","Research Scientist",2933,1,1,2,3
1898,27,0,Sales,"Sales Executive",6500,0,9,1,3
1900,48,0,"Research & Development",Manager,17174,0,24,4,3
1903,44,0,"Research & Development","Healthcare Representative",5033,0,10,2,3
1905,34,1,"Research & Development","Research Scientist",2307,1,5,4,4
1907,56,1,"Research & Development","Laboratory Technician",2587,0,5,1,3
1908,36,0,Sales,"Sales Executive",5507,0,12,3,3
1909,41,0,Sales,"Sales Executive",4393,0,14,3,4
1911,42,0,"Research & Development","Research Director",13348,0,18,3,3
1912,31,0,Sales,"Sales Executive",6583,1,8,3,3
1915,34,0,Sales,"Sales Executive",8103,1,9,4,3
1916,31,0,"Research & Development","Laboratory Technician",3978,0,4,1,3
1918,26,0,"Research & Development","Laboratory Technician",2544,0,8,3,3
1922,45,0,"Research & Development","Healthcare Representative",5399,0,12,2,3
1924,33,0,Sales,"Sales Executive",5487,0,10,2,3
1927,28,0,Sales,"Sales Executive",6834,1,7,3,3
1928,29,1,Sales,"Sales Representative",1091,0,1,3,3
1929,39,0,Sales,"Sales Executive",5736,0,10,1,3
1931,27,0,"Research & Development","Research Scientist",2226,0,6,2,3
1932,34,0,"Research & Development","Research Scientist",5747,1,16,3,3
1933,28,1,Sales,"Sales Executive",9854,1,6,4,3
1934,47,0,"Research & Development","Research Scientist",5467,0,16,3,3
1935,56,0,Sales,"Sales Executive",5380,0,6,4,3
1936,39,0,"Research & Development","Manufacturing Director",5151,0,10,1,4
1937,38,0,"Research & Development","Research Scientist",2133,1,20,4,3
1938,58,0,Sales,Manager,17875,1,29,4,3
1939,32,1,"Research & Development","Research Scientist",2432,1,8,1,3
1940,38,0,"Research & Development","Research Scientist",4771,0,10,2,3
1941,49,0,"Research & Development","Research Director",19161,0,28,2,3
1943,42,0,Sales,"Sales Executive",5087,1,14,2,3
1944,27,1,"Human Resources","Human Resources",2863,0,1,1,3
1945,35,0,Sales,"Sales Executive",5561,0,6,2,3
1947,28,0,"Research & Development","Research Scientist",2144,0,5,3,3
1948,31,0,"Research & Development","Research Scientist",3065,1,4,3,3
1949,36,0,"Research & Development","Laboratory Technician",2810,0,5,1,4
1950,34,0,Sales,"Sales Executive",9888,0,14,1,4
1951,34,0,Sales,"Sales Executive",8628,0,9,4,3
1952,26,0,"Research & Development","Laboratory Technician",2867,0,8,3,3
1954,29,0,"Research & Development","Healthcare Representative",5373,0,6,1,3
1955,32,0,"Research & Development","Healthcare Representative",6667,0,9,3,3
1956,31,0,"Research & Development","Research Scientist",5003,0,10,4,4
1960,28,1,"Research & Development","Laboratory Technician",2367,0,6,3,3
1961,38,0,Sales,"Sales Representative",2858,0,20,1,3
1962,35,0,Sales,"Sales Executive",5204,1,10,3,3
1965,27,0,Sales,"Sales Executive",4105,0,7,4,3
1966,32,0,"Research & Development","Manufacturing Director",9679,0,8,4,4
1967,31,1,Sales,"Sales Executive",5617,1,10,1,3
1968,53,1,Sales,"Sales Executive",10448,1,15,1,3
1969,54,0,"Research & Development","Research Scientist",2897,0,9,1,3
1970,33,0,"Research & Development","Healthcare Representative",5968,0,9,4,4
1971,43,0,"Research & Development","Healthcare Representative",7510,0,10,1,3
1972,38,0,"Human Resources","Human Resources",2991,1,7,4,3
1973,55,0,"Human Resources",Manager,19636,1,35,3,3
1974,31,0,"Research & Development","Laboratory Technician",1129,1,1,4,3
1975,39,0,Sales,"Sales Executive",13341,0,21,2,3
1976,42,0,"Research & Development","Research Scientist",4332,0,20,4,3
1979,31,0,"Research & Development","Research Director",11031,0,13,3,4
1980,54,0,"Research & Development","Manufacturing Director",4440,1,9,3,3
1981,24,0,"Research & Development","Healthcare Representative",4617,0,4,2,3
1982,23,0,"Research & Development","Laboratory Technician",2647,0,5,4,3
1985,40,0,"Research & Development","Laboratory Technician",6323,0,10,4,3
1986,40,0,Sales,"Sales Executive",5677,0,15,2,3
1987,25,0,"Human Resources","Human Resources",2187,0,6,3,3
1989,30,0,"Research & Development","Laboratory Technician",3748,0,12,4,3
1992,25,0,"Research & Development","Laboratory Technician",3977,1,7,4,3
1993,47,0,"Research & Development","Healthcare Representative",8633,0,25,1,4
1994,33,0,"Research & Development","Laboratory Technician",2008,0,1,2,3
1995,38,0,Sales,"Sales Executive",4440,0,16,4,3
1996,31,0,Sales,"Sales Representative",3067,0,3,1,3
1997,38,0,"Research & Development","Manufacturing Director",5321,0,10,1,3
1998,42,0,"Research & Development","Research Scientist",5410,1,9,4,3
1999,41,0,"Research & Development","Research Scientist",2782,0,12,4,4
2000,47,0,"Research & Development","Research Director",11957,0,14,3,3
2003,35,0,"Research & Development","Laboratory Technician",2660,1,5,4,3
2007,22,0,"Research & Development","Research Scientist",3375,0,4,4,3
2008,35,0,"Research & Development","Research Scientist",5098,0,10,2,3
2009,33,0,"Research & Development","Healthcare Representative",4878,1,10,2,3
2010,32,0,"Research & Development","Laboratory Technician",2837,0,6,3,3
2012,40,0,"Research & Development","Laboratory Technician",2406,0,8,1,3
2013,32,0,Sales,"Sales Representative",2269,0,3,2,3
2014,39,0,"Research & Development","Research Scientist",4108,0,18,1,3
2015,38,0,"Research & Development","Research Director",13206,0,20,2,3
2016,32,0,Sales,"Sales Executive",10422,0,14,3,3
2017,37,0,"Research & Development","Research Director",13744,1,16,3,4
2018,25,0,Sales,"Sales Executive",4907,1,6,1,4
2019,52,0,Sales,"Sales Representative",3482,0,16,1,3
2020,44,0,"Research & Development","Research Scientist",2436,1,6,2,3
2021,21,0,Sales,"Sales Representative",2380,1,2,3,3
2022,39,0,"Research & Development",Manager,19431,0,21,4,3
2023,23,1,Sales,"Sales Representative",1790,0,1,4,3
2024,36,0,Sales,"Sales Executive",7644,0,10,1,3
2025,36,0,"Research & Development","Manufacturing Director",5131,0,18,4,3
2026,56,0,"Research & Development","Healthcare Representative",6306,0,13,3,4
2027,29,1,"Research & Development","Research Scientist",4787,1,4,1,3
2031,42,0,"Research & Development",Manager,18880,0,24,1,3
2032,56,1,"Research & Development","Laboratory Technician",2339,0,14,4,3
2034,41,0,"Research & Development","Manufacturing Director",13570,0,21,1,4
2035,34,0,Sales,"Sales Executive",6712,0,8,4,4
2036,36,0,Sales,"Sales Executive",5406,0,15,4,4
2037,41,0,Sales,"Sales Executive",8938,0,14,3,3
2038,32,0,"Research & Development","Research Scientist",2439,0,4,4,3
2040,35,0,"Human Resources","Human Resources",8837,1,9,3,3
2041,38,0,Sales,"Sales Executive",5343,0,10,1,3
2044,50,1,Sales,"Sales Executive",6728,0,12,2,3
2045,36,0,Sales,"Sales Executive",6652,0,8,2,3
2046,45,0,Sales,"Sales Executive",4850,0,8,4,3
2048,40,0,"Research & Development","Research Scientist",2809,0,8,3,3
2049,35,0,"Research & Development","Healthcare Representative",5689,1,10,3,3
2051,40,0,"Research & Development","Research Scientist",2001,0,20,3,3
2052,35,0,"Research & Development","Research Scientist",2977,0,4,3,3
2053,29,0,"Research & Development","Laboratory Technician",4025,1,10,4,3
2054,29,0,"Research & Development","Research Scientist",3785,0,5,4,3
2055,50,1,Sales,"Sales Executive",10854,1,20,4,3
2056,39,0,Sales,"Sales Executive",12031,0,21,2,3
2057,31,0,"Research & Development","Manufacturing Director",9936,0,10,2,3
2060,26,0,Sales,"Sales Representative",2966,0,5,4,3
2061,36,0,"Research & Development","Laboratory Technician",2571,0,17,3,3
2062,39,0,"Research & Development","Healthcare Representative",9991,0,9,4,3
2064,27,0,"Research & Development","Manufacturing Director",6142,1,6,2,4
2065,49,0,Sales,"Sales Executive",5390,0,17,4,3
2068,34,0,"Research & Development","Laboratory Technician",4404,0,6,2,3
